location,year,prevalenceOfUndernourishmentOfPopulation
Afghanistan,2001,47.8
Afghanistan,2002,45.7
Afghanistan,2003,40.7
Afghanistan,2004,38.1
Afghanistan,2005,36.2
Afghanistan,2006,33.5
Afghanistan,2007,30
Afghanistan,2008,26.4
Afghanistan,2009,24.9
Afghanistan,2010,24.1
Afghanistan,2011,25
Afghanistan,2012,27.2
Afghanistan,2013,26.5
Afghanistan,2014,26.4
Afghanistan,2015,25.8
Afghanistan,2016,27.5
Afghanistan,2017,28.9
Afghanistan,2018,29.9
Africa Eastern and Southern,2001,32.22051539
Africa Eastern and Southern,2002,31.48022794
Africa Eastern and Southern,2003,31.02204552
Africa Eastern and Southern,2004,29.65458082
Africa Eastern and Southern,2005,28.15994409
Africa Eastern and Southern,2006,26.90712259
Africa Eastern and Southern,2007,26.48265408
Africa Eastern and Southern,2008,25.86398717
Africa Eastern and Southern,2009,25.11874096
Africa Eastern and Southern,2010,24.3589553
Africa Eastern and Southern,2011,23.78753272
Africa Eastern and Southern,2012,23.22475182
Africa Eastern and Southern,2013,22.03701737
Africa Eastern and Southern,2014,21.15129925
Africa Eastern and Southern,2015,20.52084517
Africa Eastern and Southern,2016,20.73236518
Africa Eastern and Southern,2017,20.75549988
Africa Eastern and Southern,2018,20.73690434
Africa Western and Central,2001,16.06683012
Africa Western and Central,2002,15.69665495
Africa Western and Central,2003,15.22478441
Africa Western and Central,2004,14.64281709
Africa Western and Central,2005,13.86370235
Africa Western and Central,2006,13.29738429
Africa Western and Central,2007,12.80126415
Africa Western and Central,2008,12.60884087
Africa Western and Central,2009,12.35763146
Africa Western and Central,2010,12.1869441
Africa Western and Central,2011,12.0195465
Africa Western and Central,2012,11.86477538
Africa Western and Central,2013,12.13510165
Africa Western and Central,2014,12.53828649
Africa Western and Central,2015,13.10492372
Africa Western and Central,2016,13.5149701
Africa Western and Central,2017,13.53679307
Africa Western and Central,2018,13.90300507
Albania,2001,5
Albania,2002,6.1
Albania,2003,7.5
Albania,2004,8.7
Albania,2005,8.9
Albania,2006,8.8
Albania,2007,8.3
Albania,2008,7.3
Albania,2009,6
Albania,2010,5
Albania,2011,4.1
Albania,2012,3.5
Albania,2013,3.9
Albania,2014,4.5
Albania,2015,4.9
Albania,2016,4.5
Albania,2017,3.9
Albania,2018,3.6
Algeria,2001,8
Algeria,2002,7.4
Algeria,2003,7
Algeria,2004,7
Algeria,2005,6.7
Algeria,2006,6.4
Algeria,2007,6
Algeria,2008,5.6
Algeria,2009,5.2
Algeria,2010,4.5
Algeria,2011,4
Algeria,2012,3.5
Algeria,2013,3.3
Algeria,2014,3.3
Algeria,2015,3.2
Algeria,2016,3.2
Algeria,2017,3.1
Algeria,2018,2.8
Angola,2001,67.5
Angola,2002,63.2
Angola,2003,58.7
Angola,2004,55.1
Angola,2005,52.2
Angola,2006,49.4
Angola,2007,46.2
Angola,2008,43
Angola,2009,40.3
Angola,2010,37.9
Angola,2011,37
Angola,2012,35.4
Angola,2013,29.2
Angola,2014,23.1
Angola,2015,19
Angola,2016,19.5
Angola,2017,19.4
Angola,2018,18.6
Arab World,2001,9.694061364
Arab World,2002,9.565685187
Arab World,2003,9.737239788
Arab World,2004,10.0007822
Arab World,2005,9.948826905
Arab World,2006,9.84954629
Arab World,2007,9.704270544
Arab World,2008,9.580088795
Arab World,2009,9.351422395
Arab World,2010,9.218496796
Arab World,2011,8.890977204
Arab World,2012,8.737106602
Arab World,2013,8.025062213
Arab World,2014,7.658784872
Arab World,2015,7.363256701
Arab World,2016,7.563685742
Arab World,2017,7.647208909
Arab World,2018,7.630565465
Argentina,2001,3.1
Argentina,2002,3.9
Argentina,2003,4.5
Argentina,2004,4.1
Argentina,2005,3.8
Argentina,2006,3.4
Argentina,2007,3.3
Argentina,2008,3.4
Argentina,2009,3.4
Argentina,2010,3.4
Argentina,2011,3.3
Argentina,2012,3.2
Argentina,2013,2.8
Argentina,2014,2.5
Argentina,2015,2.6
Argentina,2016,2.9
Argentina,2017,3.4
Argentina,2018,3.8
Armenia,2001,26.2
Armenia,2002,24.5
Armenia,2003,21.1
Armenia,2004,16
Armenia,2005,12.3
Armenia,2006,9.4
Armenia,2007,7
Armenia,2008,5.7
Armenia,2009,4.7
Armenia,2010,4.4
Armenia,2011,4.1
Armenia,2012,3.6
Armenia,2013,3.3
Armenia,2014,2.9
Armenia,2015,2.7
Armenia,2016,2.8
Armenia,2017,2.7
Armenia,2018,2.6
Australia,2001,2.5
Australia,2002,2.5
Australia,2003,2.5
Australia,2004,2.5
Australia,2005,2.5
Australia,2006,2.5
Australia,2007,2.5
Australia,2008,2.5
Australia,2009,2.5
Australia,2010,2.5
Australia,2011,2.5
Australia,2012,2.5
Australia,2013,2.5
Australia,2014,2.5
Australia,2015,2.5
Australia,2016,2.5
Australia,2017,2.5
Australia,2018,2.5
Austria,2001,2.5
Austria,2002,2.5
Austria,2003,2.5
Austria,2004,2.5
Austria,2005,2.5
Austria,2006,2.5
Austria,2007,2.5
Austria,2008,2.5
Austria,2009,2.5
Austria,2010,2.5
Austria,2011,2.5
Austria,2012,2.5
Austria,2013,2.5
Austria,2014,2.5
Austria,2015,2.5
Austria,2016,2.5
Austria,2017,2.5
Austria,2018,2.5
Azerbaijan,2001,17.1
Azerbaijan,2002,13.5
Azerbaijan,2003,10.5
Azerbaijan,2004,7.5
Azerbaijan,2005,4.8
Azerbaijan,2006,2.9
Azerbaijan,2007,2.5
Azerbaijan,2008,2.5
Azerbaijan,2009,2.5
Azerbaijan,2010,2.5
Azerbaijan,2011,2.5
Azerbaijan,2012,2.5
Azerbaijan,2013,2.5
Azerbaijan,2014,2.5
Azerbaijan,2015,2.5
Azerbaijan,2016,2.5
Azerbaijan,2017,2.5
Azerbaijan,2018,2.5
Bangladesh,2001,16
Bangladesh,2002,15.2
Bangladesh,2003,15
Bangladesh,2004,14.5
Bangladesh,2005,14.3
Bangladesh,2006,13.9
Bangladesh,2007,14
Bangladesh,2008,13.7
Bangladesh,2009,13.9
Bangladesh,2010,13.8
Bangladesh,2011,13.9
Bangladesh,2012,13.8
Bangladesh,2013,14.2
Bangladesh,2014,14.5
Bangladesh,2015,14.9
Bangladesh,2016,14.1
Bangladesh,2017,13.5
Bangladesh,2018,13
Barbados,2001,6.5
Barbados,2002,6.3
Barbados,2003,6.7
Barbados,2004,6.2
Barbados,2005,6.2
Barbados,2006,5.3
Barbados,2007,5.4
Barbados,2008,4.9
Barbados,2009,4.9
Barbados,2010,4.8
Barbados,2011,4.8
Barbados,2012,4.5
Barbados,2013,4.5
Barbados,2014,4.4
Barbados,2015,4.5
Barbados,2016,4.6
Barbados,2017,4.5
Barbados,2018,4.3
Belarus,2001,2.5
Belarus,2002,2.8
Belarus,2003,3.3
Belarus,2004,3.3
Belarus,2005,2.5
Belarus,2006,2.5
Belarus,2007,2.5
Belarus,2008,2.5
Belarus,2009,2.5
Belarus,2010,2.5
Belarus,2011,2.5
Belarus,2012,2.5
Belarus,2013,2.5
Belarus,2014,2.5
Belarus,2015,2.5
Belarus,2016,2.5
Belarus,2017,2.5
Belarus,2018,2.5
Belgium,2001,2.5
Belgium,2002,2.5
Belgium,2003,2.5
Belgium,2004,2.5
Belgium,2005,2.5
Belgium,2006,2.5
Belgium,2007,2.5
Belgium,2008,2.5
Belgium,2009,2.5
Belgium,2010,2.5
Belgium,2011,2.5
Belgium,2012,2.5
Belgium,2013,2.5
Belgium,2014,2.5
Belgium,2015,2.5
Belgium,2016,2.5
Belgium,2017,2.5
Belgium,2018,2.5
Belize,2001,5.9
Belize,2002,5.6
Belize,2003,5.6
Belize,2004,5.6
Belize,2005,5.8
Belize,2006,5.9
Belize,2007,6.8
Belize,2008,7.2
Belize,2009,7
Belize,2010,6.9
Belize,2011,7.3
Belize,2012,7.9
Belize,2013,8
Belize,2014,7.8
Belize,2015,7.7
Belize,2016,7.5
Belize,2017,7.5
Belize,2018,7.6
Benin,2001,17.4
Benin,2002,15.7
Benin,2003,13.8
Benin,2004,13.3
Benin,2005,12.2
Benin,2006,11.1
Benin,2007,10.2
Benin,2008,9.2
Benin,2009,9.2
Benin,2010,8.7
Benin,2011,8.4
Benin,2012,8.1
Benin,2013,7.8
Benin,2014,7.7
Benin,2015,7.6
Benin,2016,7.5
Benin,2017,7.4
Benin,2018,7.4
Bolivia,2001,27.9
Bolivia,2002,27
Bolivia,2003,27.9
Bolivia,2004,27.8
Bolivia,2005,26.9
Bolivia,2006,24.3
Bolivia,2007,23.8
Bolivia,2008,24.7
Bolivia,2009,24.9
Bolivia,2010,23.3
Bolivia,2011,21.2
Bolivia,2012,19.7
Bolivia,2013,19
Bolivia,2014,17.3
Bolivia,2015,16.2
Bolivia,2016,15.5
Bolivia,2017,15.6
Bolivia,2018,15.5
Bosnia and Herzegovina,2001,3.2
Bosnia and Herzegovina,2002,3.1
Bosnia and Herzegovina,2003,2.7
Bosnia and Herzegovina,2004,2.5
Bosnia and Herzegovina,2005,2.5
Bosnia and Herzegovina,2006,2.5
Bosnia and Herzegovina,2007,2.5
Bosnia and Herzegovina,2008,2.5
Bosnia and Herzegovina,2009,2.5
Bosnia and Herzegovina,2010,2.5
Bosnia and Herzegovina,2011,2.5
Bosnia and Herzegovina,2012,2.5
Bosnia and Herzegovina,2013,2.5
Bosnia and Herzegovina,2014,2.5
Bosnia and Herzegovina,2015,2.5
Bosnia and Herzegovina,2016,2.5
Bosnia and Herzegovina,2017,2.5
Bosnia and Herzegovina,2018,2.5
Botswana,2001,23.2
Botswana,2002,23.1
Botswana,2003,22.9
Botswana,2004,22
Botswana,2005,22.5
Botswana,2006,24.3
Botswana,2007,26.2
Botswana,2008,26.8
Botswana,2009,27
Botswana,2010,26.3
Botswana,2011,24.4
Botswana,2012,23.3
Botswana,2013,20.7
Botswana,2014,19.4
Botswana,2015,18.6
Botswana,2016,20.5
Botswana,2017,22.4
Botswana,2018,24.1
Brazil,2001,10.1
Brazil,2002,8.1
Brazil,2003,6.3
Brazil,2004,4.8
Brazil,2005,4.1
Brazil,2006,3.5
Brazil,2007,2.8
Brazil,2008,2.5
Brazil,2009,2.5
Brazil,2010,2.5
Brazil,2011,2.5
Brazil,2012,2.5
Brazil,2013,2.5
Brazil,2014,2.5
Brazil,2015,2.5
Brazil,2016,2.5
Brazil,2017,2.5
Brazil,2018,2.5
Brunei,2001,2.6
Brunei,2002,2.5
Brunei,2003,2.5
Brunei,2004,2.5
Brunei,2005,2.5
Brunei,2006,2.5
Brunei,2007,2.5
Brunei,2008,2.5
Brunei,2009,2.5
Brunei,2010,2.5
Brunei,2011,2.5
Brunei,2012,2.5
Brunei,2013,2.5
Brunei,2014,2.5
Brunei,2015,2.5
Brunei,2016,2.5
Brunei,2017,2.5
Brunei,2018,2.5
Bulgaria,2001,4
Bulgaria,2002,4.3
Bulgaria,2003,4.6
Bulgaria,2004,5
Bulgaria,2005,4.9
Bulgaria,2006,5.1
Bulgaria,2007,4.7
Bulgaria,2008,4.5
Bulgaria,2009,4.3
Bulgaria,2010,4.4
Bulgaria,2011,4.4
Bulgaria,2012,4.1
Bulgaria,2013,3.5
Bulgaria,2014,3.5
Bulgaria,2015,3.3
Bulgaria,2016,3.5
Bulgaria,2017,3.1
Bulgaria,2018,3
Burkina Faso,2001,24.5
Burkina Faso,2002,24.2
Burkina Faso,2003,23.4
Burkina Faso,2004,23.6
Burkina Faso,2005,23
Burkina Faso,2006,22.7
Burkina Faso,2007,21.6
Burkina Faso,2008,21
Burkina Faso,2009,19.9
Burkina Faso,2010,19.3
Burkina Faso,2011,18.8
Burkina Faso,2012,18.5
Burkina Faso,2013,17.9
Burkina Faso,2014,17.6
Burkina Faso,2015,17.6
Burkina Faso,2016,18.1
Burkina Faso,2017,18.7
Burkina Faso,2018,19.2
Cambodia,2001,23.7
Cambodia,2002,21.3
Cambodia,2003,19.5
Cambodia,2004,18.6
Cambodia,2005,17.1
Cambodia,2006,15.8
Cambodia,2007,15
Cambodia,2008,14.6
Cambodia,2009,14.4
Cambodia,2010,14.2
Cambodia,2011,14.2
Cambodia,2012,13.6
Cambodia,2013,14
Cambodia,2014,14.7
Cambodia,2015,15.7
Cambodia,2016,15.4
Cambodia,2017,15
Cambodia,2018,14.5
Cameroon,2001,23.1
Cameroon,2002,20.9
Cameroon,2003,19.5
Cameroon,2004,17.8
Cameroon,2005,16.1
Cameroon,2006,14.3
Cameroon,2007,12.8
Cameroon,2008,11.4
Cameroon,2009,10.2
Cameroon,2010,9.2
Cameroon,2011,8.2
Cameroon,2012,7.1
Cameroon,2013,6.8
Cameroon,2014,6.7
Cameroon,2015,6.7
Cameroon,2016,6.5
Cameroon,2017,6.4
Cameroon,2018,6.3
Canada,2001,2.5
Canada,2002,2.5
Canada,2003,2.5
Canada,2004,2.5
Canada,2005,2.5
Canada,2006,2.5
Canada,2007,2.5
Canada,2008,2.5
Canada,2009,2.5
Canada,2010,2.5
Canada,2011,2.5
Canada,2012,2.5
Canada,2013,2.5
Canada,2014,2.5
Canada,2015,2.5
Canada,2016,2.5
Canada,2017,2.5
Canada,2018,2.5
Cape Verde,2001,14.6
Cape Verde,2002,14.5
Cape Verde,2003,13.2
Cape Verde,2004,11.4
Cape Verde,2005,11.1
Cape Verde,2006,11.5
Cape Verde,2007,12.4
Cape Verde,2008,13.2
Cape Verde,2009,15.1
Cape Verde,2010,15.9
Cape Verde,2011,16.5
Cape Verde,2012,16.1
Cape Verde,2013,16.6
Cape Verde,2014,17.1
Cape Verde,2015,17.6
Cape Verde,2016,17.5
Cape Verde,2017,17.9
Cape Verde,2018,18.5
Caribbean Small States,2001,8.277019444
Caribbean Small States,2002,8.051968654
Caribbean Small States,2003,8.188867359
Caribbean Small States,2004,8.257358976
Caribbean Small States,2005,8.304356308
Caribbean Small States,2006,8.180759159
Caribbean Small States,2007,8.409306886
Caribbean Small States,2008,8.586631633
Caribbean Small States,2009,8.773312623
Caribbean Small States,2010,8.624882368
Caribbean Small States,2011,8.503912497
Caribbean Small States,2012,8.366470496
Caribbean Small States,2013,8.180750471
Caribbean Small States,2014,7.937408112
Caribbean Small States,2015,7.9423964
Caribbean Small States,2016,7.755464304
Caribbean Small States,2017,7.648568006
Caribbean Small States,2018,7.268257933
Central Europe and the Baltics,2001,3.031942294
Central Europe and the Baltics,2002,2.940873969
Central Europe and the Baltics,2003,2.901001458
Central Europe and the Baltics,2004,2.882629788
Central Europe and the Baltics,2005,2.825342626
Central Europe and the Baltics,2006,2.849395511
Central Europe and the Baltics,2007,2.805433002
Central Europe and the Baltics,2008,2.770787568
Central Europe and the Baltics,2009,2.704957147
Central Europe and the Baltics,2010,2.691361157
Central Europe and the Baltics,2011,2.685844838
Central Europe and the Baltics,2012,2.664496536
Central Europe and the Baltics,2013,2.632684333
Central Europe and the Baltics,2014,2.711160359
Central Europe and the Baltics,2015,2.728950417
Central Europe and the Baltics,2016,2.780122494
Central Europe and the Baltics,2017,2.716030922
Central Europe and the Baltics,2018,2.725485112
Chad,2001,39
Chad,2002,37.7
Chad,2003,38.1
Chad,2004,37.3
Chad,2005,37.9
Chad,2006,38.5
Chad,2007,39.3
Chad,2008,40.1
Chad,2009,40.3
Chad,2010,40.3
Chad,2011,39
Chad,2012,38.6
Chad,2013,36.9
Chad,2014,36.2
Chad,2015,35.4
Chad,2016,36.4
Chad,2017,37.9
Chad,2018,39.6
Chile,2001,3.5
Chile,2002,3.3
Chile,2003,3.2
Chile,2004,3.3
Chile,2005,3.1
Chile,2006,3.2
Chile,2007,3.1
Chile,2008,3.5
Chile,2009,3.7
Chile,2010,3.7
Chile,2011,3.5
Chile,2012,3.3
Chile,2013,3.2
Chile,2014,3.1
Chile,2015,3.1
Chile,2016,3.2
Chile,2017,3.3
Chile,2018,3.5
China,2001,10.6
China,2002,10.1
China,2003,9.6
China,2004,8.6
China,2005,7.9
China,2006,7.1
China,2007,6.1
China,2008,5.1
China,2009,4.1
China,2010,3
China,2011,2.5
China,2012,2.5
China,2013,2.5
China,2014,2.5
China,2015,2.5
China,2016,2.5
China,2017,2.5
China,2018,2.5
Colombia,2001,8.8
Colombia,2002,9.1
Colombia,2003,9.8
Colombia,2004,10.7
Colombia,2005,11.3
Colombia,2006,11.5
Colombia,2007,11.1
Colombia,2008,11.4
Colombia,2009,11.9
Colombia,2010,12.2
Colombia,2011,11.3
Colombia,2012,9.6
Colombia,2013,8.4
Colombia,2014,7.3
Colombia,2015,6.6
Colombia,2016,5.8
Colombia,2017,5.5
Colombia,2018,5.5
Congo,2001,27.1
Congo,2002,26.5
Congo,2003,26.6
Congo,2004,31.8
Congo,2005,34.1
Congo,2006,36.7
Congo,2007,35.5
Congo,2008,35.6
Congo,2009,35.5
Congo,2010,33.7
Congo,2011,33
Congo,2012,31.2
Congo,2013,29.4
Congo,2014,25.8
Congo,2015,25.3
Congo,2016,25.9
Congo,2017,27.4
Congo,2018,28
Costa Rica,2001,4.8
Costa Rica,2002,5.1
Costa Rica,2003,5.3
Costa Rica,2004,5.1
Costa Rica,2005,4.5
Costa Rica,2006,4
Costa Rica,2007,3.9
Costa Rica,2008,4
Costa Rica,2009,4.1
Costa Rica,2010,3.9
Costa Rica,2011,3.9
Costa Rica,2012,3.8
Costa Rica,2013,4.1
Costa Rica,2014,4.2
Costa Rica,2015,3.9
Costa Rica,2016,3.5
Costa Rica,2017,3.2
Costa Rica,2018,3.2
Cote d'Ivoire,2001,20.5
Cote d'Ivoire,2002,21.4
Cote d'Ivoire,2003,21.3
Cote d'Ivoire,2004,20.7
Cote d'Ivoire,2005,20.3
Cote d'Ivoire,2006,20.3
Cote d'Ivoire,2007,21.2
Cote d'Ivoire,2008,22.2
Cote d'Ivoire,2009,23
Cote d'Ivoire,2010,22.9
Cote d'Ivoire,2011,22.6
Cote d'Ivoire,2012,22.1
Cote d'Ivoire,2013,21.9
Cote d'Ivoire,2014,20.4
Cote d'Ivoire,2015,19.9
Cote d'Ivoire,2016,19.2
Cote d'Ivoire,2017,19.9
Cote d'Ivoire,2018,19.9
Croatia,2001,6.9
Croatia,2002,4.7
Croatia,2003,3.7
Croatia,2004,3.1
Croatia,2005,2.5
Croatia,2006,2.5
Croatia,2007,2.5
Croatia,2008,2.5
Croatia,2009,2.5
Croatia,2010,2.5
Croatia,2011,2.5
Croatia,2012,2.5
Croatia,2013,2.5
Croatia,2014,2.5
Croatia,2015,2.5
Croatia,2016,2.5
Croatia,2017,2.5
Croatia,2018,2.5
Cuba,2001,2.5
Cuba,2002,2.5
Cuba,2003,2.5
Cuba,2004,2.5
Cuba,2005,2.5
Cuba,2006,2.5
Cuba,2007,2.5
Cuba,2008,2.5
Cuba,2009,2.5
Cuba,2010,2.5
Cuba,2011,2.5
Cuba,2012,2.5
Cuba,2013,2.5
Cuba,2014,2.5
Cuba,2015,2.5
Cuba,2016,2.5
Cuba,2017,2.5
Cuba,2018,2.5
Cyprus,2001,5.2
Cyprus,2002,5.8
Cyprus,2003,6.2
Cyprus,2004,7
Cyprus,2005,7.7
Cyprus,2006,7.6
Cyprus,2007,7
Cyprus,2008,6.5
Cyprus,2009,6.4
Cyprus,2010,6.3
Cyprus,2011,6.2
Cyprus,2012,6.3
Cyprus,2013,6.6
Cyprus,2014,6.9
Cyprus,2015,7.3
Cyprus,2016,7.3
Cyprus,2017,7.1
Cyprus,2018,6.8
Czechia,2001,2.5
Czechia,2002,2.5
Czechia,2003,2.5
Czechia,2004,2.5
Czechia,2005,2.5
Czechia,2006,2.5
Czechia,2007,2.5
Czechia,2008,2.5
Czechia,2009,2.5
Czechia,2010,2.5
Czechia,2011,2.5
Czechia,2012,2.5
Czechia,2013,2.5
Czechia,2014,2.5
Czechia,2015,2.5
Czechia,2016,2.5
Czechia,2017,2.5
Czechia,2018,2.5
Denmark,2001,2.5
Denmark,2002,2.5
Denmark,2003,2.5
Denmark,2004,2.5
Denmark,2005,2.5
Denmark,2006,2.5
Denmark,2007,2.5
Denmark,2008,2.5
Denmark,2009,2.5
Denmark,2010,2.5
Denmark,2011,2.5
Denmark,2012,2.5
Denmark,2013,2.5
Denmark,2014,2.5
Denmark,2015,2.5
Denmark,2016,2.5
Denmark,2017,2.5
Denmark,2018,2.5
Dominica,2001,3.8
Dominica,2002,4.1
Dominica,2003,4.7
Dominica,2004,5
Dominica,2005,5.5
Dominica,2006,5
Dominica,2007,4.6
Dominica,2008,4.1
Dominica,2009,4.4
Dominica,2010,4.7
Dominica,2011,5
Dominica,2012,5.1
Dominica,2013,5.2
Dominica,2014,5.3
Dominica,2015,5.3
Dominica,2016,5.4
Dominica,2017,5.7
Dominica,2018,5.8
Dominican Republic,2001,20.6
Dominican Republic,2002,22.7
Dominican Republic,2003,23.7
Dominican Republic,2004,23.2
Dominican Republic,2005,19.3
Dominican Republic,2006,16.5
Dominican Republic,2007,16.3
Dominican Republic,2008,16.2
Dominican Republic,2009,14.8
Dominican Republic,2010,12.4
Dominican Republic,2011,10.4
Dominican Republic,2012,9.8
Dominican Republic,2013,9
Dominican Republic,2014,8.5
Dominican Republic,2015,7.6
Dominican Republic,2016,7
Dominican Republic,2017,6
Dominican Republic,2018,5.5
Early-demographic dividend,2001,17.46962449
Early-demographic dividend,2002,18.03010527
Early-demographic dividend,2003,18.48931512
Early-demographic dividend,2004,18.31452868
Early-demographic dividend,2005,17.74903877
Early-demographic dividend,2006,16.52430652
Early-demographic dividend,2007,15.27158378
Early-demographic dividend,2008,14.58553266
Early-demographic dividend,2009,14.12619058
Early-demographic dividend,2010,13.74542282
Early-demographic dividend,2011,13.44677305
Early-demographic dividend,2012,13.30891981
Early-demographic dividend,2013,12.95532046
Early-demographic dividend,2014,12.61726191
Early-demographic dividend,2015,12.26095398
Early-demographic dividend,2016,12.0624139
Early-demographic dividend,2017,11.95018726
Early-demographic dividend,2018,11.88898464
East Asia & Pacific,2001,12.44761069
East Asia & Pacific,2002,11.94785113
East Asia & Pacific,2003,11.38651102
East Asia & Pacific,2004,10.62964778
East Asia & Pacific,2005,10.07066398
East Asia & Pacific,2006,9.433065663
East Asia & Pacific,2007,8.604014546
East Asia & Pacific,2008,7.771596834
East Asia & Pacific,2009,6.882761556
East Asia & Pacific,2010,5.863524932
East Asia & Pacific,2011,5.217188851
East Asia & Pacific,2012,5.045981706
East Asia & Pacific,2013,5.077735567
East Asia & Pacific,2014,5.169678361
East Asia & Pacific,2015,5.215162231
East Asia & Pacific,2016,5.142329867
East Asia & Pacific,2017,5.090293474
East Asia & Pacific,2018,5.095385336
East Asia & Pacific (IDA & IBRD),2001,13.38968705
East Asia & Pacific (IDA & IBRD),2002,12.8179784
East Asia & Pacific (IDA & IBRD),2003,12.20244175
East Asia & Pacific (IDA & IBRD),2004,11.33337761
East Asia & Pacific (IDA & IBRD),2005,10.67871094
East Asia & Pacific (IDA & IBRD),2006,9.920032209
East Asia & Pacific (IDA & IBRD),2007,8.944560467
East Asia & Pacific (IDA & IBRD),2008,7.978814513
East Asia & Pacific (IDA & IBRD),2009,6.946070101
East Asia & Pacific (IDA & IBRD),2010,5.788423632
East Asia & Pacific (IDA & IBRD),2011,5.07156485
East Asia & Pacific (IDA & IBRD),2012,4.879400997
East Asia & Pacific (IDA & IBRD),2013,4.906420166
East Asia & Pacific (IDA & IBRD),2014,4.993853875
East Asia & Pacific (IDA & IBRD),2015,5.026372455
East Asia & Pacific (IDA & IBRD),2016,4.92586691
East Asia & Pacific (IDA & IBRD),2017,4.854345008
East Asia & Pacific (IDA & IBRD),2018,4.854905673
East Asia & Pacific (excluding high income),2001,13.67299395
East Asia & Pacific (excluding high income),2002,13.09842978
East Asia & Pacific (excluding high income),2003,12.45905199
East Asia & Pacific (excluding high income),2004,11.60358201
East Asia & Pacific (excluding high income),2005,10.97354625
East Asia & Pacific (excluding high income),2006,10.25326308
East Asia & Pacific (excluding high income),2007,9.316137615
East Asia & Pacific (excluding high income),2008,8.380734891
East Asia & Pacific (excluding high income),2009,7.368928872
East Asia & Pacific (excluding high income),2010,6.227465774
East Asia & Pacific (excluding high income),2011,5.516219258
East Asia & Pacific (excluding high income),2012,5.325573074
East Asia & Pacific (excluding high income),2013,5.362613145
East Asia & Pacific (excluding high income),2014,5.467971985
East Asia & Pacific (excluding high income),2015,5.517768267
East Asia & Pacific (excluding high income),2016,5.43600778
East Asia & Pacific (excluding high income),2017,5.376536164
East Asia & Pacific (excluding high income),2018,5.383613308
Ecuador,2001,21.2
Ecuador,2002,22.9
Ecuador,2003,22.9
Ecuador,2004,22.9
Ecuador,2005,22.5
Ecuador,2006,22.9
Ecuador,2007,22.2
Ecuador,2008,21.4
Ecuador,2009,19.3
Ecuador,2010,18.3
Ecuador,2011,17.6
Ecuador,2012,17.6
Ecuador,2013,14.9
Ecuador,2014,11.7
Ecuador,2015,8.8
Ecuador,2016,8.9
Ecuador,2017,9.1
Ecuador,2018,8.8
Egypt,2001,5.3
Egypt,2002,5.5
Egypt,2003,6
Egypt,2004,6.4
Egypt,2005,6.5
Egypt,2006,6.1
Egypt,2007,5.8
Egypt,2008,5.7
Egypt,2009,5.5
Egypt,2010,5.4
Egypt,2011,5.1
Egypt,2012,5.2
Egypt,2013,5
Egypt,2014,4.8
Egypt,2015,4.6
Egypt,2016,4.7
Egypt,2017,4.7
Egypt,2018,4.7
El Salvador,2001,7.3
El Salvador,2002,7.2
El Salvador,2003,8
El Salvador,2004,8.8
El Salvador,2005,9.3
El Salvador,2006,9.5
El Salvador,2007,9.8
El Salvador,2008,10
El Salvador,2009,10.6
El Salvador,2010,11
El Salvador,2011,11.2
El Salvador,2012,10.6
El Salvador,2013,10.6
El Salvador,2014,10.7
El Salvador,2015,10.7
El Salvador,2016,10.1
El Salvador,2017,9.5
El Salvador,2018,8.9
Estonia,2001,3.6
Estonia,2002,3.5
Estonia,2003,3.4
Estonia,2004,2.9
Estonia,2005,2.5
Estonia,2006,2.5
Estonia,2007,2.5
Estonia,2008,2.5
Estonia,2009,2.5
Estonia,2010,2.5
Estonia,2011,2.5
Estonia,2012,2.5
Estonia,2013,2.5
Estonia,2014,2.5
Estonia,2015,2.5
Estonia,2016,2.5
Estonia,2017,2.5
Estonia,2018,2.5
Eswatini,2001,10.7
Eswatini,2002,9.9
Eswatini,2003,8.5
Eswatini,2004,8.5
Eswatini,2005,9.4
Eswatini,2006,10.3
Eswatini,2007,10.9
Eswatini,2008,11.1
Eswatini,2009,10.7
Eswatini,2010,9.9
Eswatini,2011,8.9
Eswatini,2012,8.1
Eswatini,2013,10.9
Eswatini,2014,13.8
Eswatini,2015,17
Eswatini,2016,16.8
Eswatini,2017,16.5
Eswatini,2018,16.9
Ethiopia,2001,47.1
Ethiopia,2002,44.3
Ethiopia,2003,42.7
Ethiopia,2004,39.2
Ethiopia,2005,37.2
Ethiopia,2006,35.8
Ethiopia,2007,35.3
Ethiopia,2008,33.9
Ethiopia,2009,31.8
Ethiopia,2010,30.7
Ethiopia,2011,30.1
Ethiopia,2012,29.9
Ethiopia,2013,27.5
Ethiopia,2014,24.8
Ethiopia,2015,21.5
Ethiopia,2016,20.6
Ethiopia,2017,19.9
Ethiopia,2018,19.7
Euro area,2001,2.589690658
Euro area,2002,2.582709028
Euro area,2003,2.576530945
Euro area,2004,2.571281244
Euro area,2005,2.565159421
Euro area,2006,2.568069848
Euro area,2007,2.561245712
Euro area,2008,2.553172894
Euro area,2009,2.536862247
Euro area,2010,2.530220052
Euro area,2011,2.528502447
Euro area,2012,2.528917114
Euro area,2013,2.533162918
Euro area,2014,2.558205782
Euro area,2015,2.569137214
Euro area,2016,2.58029828
Euro area,2017,2.568507724
Euro area,2018,2.572291544
Europe & Central Asia,2001,3.771261636
Europe & Central Asia,2002,3.584925999
Europe & Central Asia,2003,3.430707653
Europe & Central Asia,2004,3.267043678
Europe & Central Asia,2005,3.152385213
Europe & Central Asia,2006,3.045740652
Europe & Central Asia,2007,2.973564259
Europe & Central Asia,2008,2.933709881
Europe & Central Asia,2009,2.90553954
Europe & Central Asia,2010,2.876152682
Europe & Central Asia,2011,2.844609831
Europe & Central Asia,2012,2.810468633
Europe & Central Asia,2013,2.735017578
Europe & Central Asia,2014,2.673395732
Europe & Central Asia,2015,2.630153795
Europe & Central Asia,2016,2.622697015
Europe & Central Asia,2017,2.656007525
Europe & Central Asia,2018,2.66615944
Europe & Central Asia (IDA & IBRD),2001,4.989257348
Europe & Central Asia (IDA & IBRD),2002,4.625313437
Europe & Central Asia (IDA & IBRD),2003,4.323243993
Europe & Central Asia (IDA & IBRD),2004,3.999675014
Europe & Central Asia (IDA & IBRD),2005,3.774760029
Europe & Central Asia (IDA & IBRD),2006,3.557872577
Europe & Central Asia (IDA & IBRD),2007,3.4181985
Europe & Central Asia (IDA & IBRD),2008,3.344516732
Europe & Central Asia (IDA & IBRD),2009,3.30006109
Europe & Central Asia (IDA & IBRD),2010,3.244991573
Europe & Central Asia (IDA & IBRD),2011,3.180317819
Europe & Central Asia (IDA & IBRD),2012,3.109916442
Europe & Central Asia (IDA & IBRD),2013,2.952674979
Europe & Central Asia (IDA & IBRD),2014,2.807700286
Europe & Central Asia (IDA & IBRD),2015,2.711198494
Europe & Central Asia (IDA & IBRD),2016,2.687393541
Europe & Central Asia (IDA & IBRD),2017,2.764069809
Europe & Central Asia (IDA & IBRD),2018,2.781706482
Europe & Central Asia (excluding high income),2001,5.217960665
Europe & Central Asia (excluding high income),2002,4.838304909
Europe & Central Asia (excluding high income),2003,4.513595499
Europe & Central Asia (excluding high income),2004,4.160437459
Europe & Central Asia (excluding high income),2005,3.917036943
Europe & Central Asia (excluding high income),2006,3.675747836
Europe & Central Asia (excluding high income),2007,3.520309041
Europe & Central Asia (excluding high income),2008,3.438192947
Europe & Central Asia (excluding high income),2009,3.388507591
Europe & Central Asia (excluding high income),2010,3.326722955
Europe & Central Asia (excluding high income),2011,3.25457038
Europe & Central Asia (excluding high income),2012,3.176112814
Europe & Central Asia (excluding high income),2013,3.001476123
Europe & Central Asia (excluding high income),2014,2.840642268
Europe & Central Asia (excluding high income),2015,2.733641044
Europe & Central Asia (excluding high income),2016,2.707170379
Europe & Central Asia (excluding high income),2017,2.791761206
Europe & Central Asia (excluding high income),2018,2.811085503
European Union,2001,2.639246983
European Union,2002,2.61692243
European Union,2003,2.607379544
European Union,2004,2.604212749
European Union,2005,2.591472501
European Union,2006,2.596770503
European Union,2007,2.584322687
European Union,2008,2.57447423
European Union,2009,2.558428472
European Union,2010,2.554832109
European Union,2011,2.553368723
European Union,2012,2.5485056
European Union,2013,2.541700136
European Union,2014,2.560698406
European Union,2015,2.565716081
European Union,2016,2.577371202
European Union,2017,2.561905939
European Union,2018,2.563176921
Fiji,2001,4
Fiji,2002,3.9
Fiji,2003,4
Fiji,2004,3.9
Fiji,2005,3.8
Fiji,2006,3.8
Fiji,2007,3.8
Fiji,2008,4
Fiji,2009,4
Fiji,2010,4
Fiji,2011,3.8
Fiji,2012,3.5
Fiji,2013,3.6
Fiji,2014,3.9
Fiji,2015,4.1
Fiji,2016,4
Fiji,2017,3.9
Fiji,2018,3.9
Finland,2001,2.5
Finland,2002,2.5
Finland,2003,2.5
Finland,2004,2.5
Finland,2005,2.5
Finland,2006,2.5
Finland,2007,2.5
Finland,2008,2.5
Finland,2009,2.5
Finland,2010,2.5
Finland,2011,2.5
Finland,2012,2.5
Finland,2013,2.5
Finland,2014,2.5
Finland,2015,2.5
Finland,2016,2.5
Finland,2017,2.5
Finland,2018,2.5
Fragile and conflict affected situations,2001,26.24353397
Fragile and conflict affected situations,2002,25.11892816
Fragile and conflict affected situations,2003,24.13027295
Fragile and conflict affected situations,2004,22.73001117
Fragile and conflict affected situations,2005,21.5383084
Fragile and conflict affected situations,2006,20.52103588
Fragile and conflict affected situations,2007,19.4667961
Fragile and conflict affected situations,2008,18.55136742
Fragile and conflict affected situations,2009,17.57496119
Fragile and conflict affected situations,2010,17.06869748
Fragile and conflict affected situations,2011,16.69795518
Fragile and conflict affected situations,2012,16.67434477
Fragile and conflict affected situations,2013,16.38285672
Fragile and conflict affected situations,2014,16.49705982
Fragile and conflict affected situations,2015,16.64429206
Fragile and conflict affected situations,2016,17.34179699
Fragile and conflict affected situations,2017,17.68065999
Fragile and conflict affected situations,2018,18.14778466
France,2001,2.5
France,2002,2.5
France,2003,2.5
France,2004,2.5
France,2005,2.5
France,2006,2.5
France,2007,2.5
France,2008,2.5
France,2009,2.5
France,2010,2.5
France,2011,2.5
France,2012,2.5
France,2013,2.5
France,2014,2.5
France,2015,2.5
France,2016,2.5
France,2017,2.5
France,2018,2.5
French Polynesia,2001,4.3
French Polynesia,2002,4.2
French Polynesia,2003,4
French Polynesia,2004,4
French Polynesia,2005,3.9
French Polynesia,2006,3.9
French Polynesia,2007,3.9
French Polynesia,2008,3.8
French Polynesia,2009,3.7
French Polynesia,2010,3.5
French Polynesia,2011,3.3
French Polynesia,2012,3.2
French Polynesia,2013,3.1
French Polynesia,2014,3.3
French Polynesia,2015,3.5
French Polynesia,2016,3.8
French Polynesia,2017,3.8
French Polynesia,2018,3.6
Gabon,2001,10.8
Gabon,2002,12.3
Gabon,2003,13.5
Gabon,2004,14
Gabon,2005,14.5
Gabon,2006,14.9
Gabon,2007,16.1
Gabon,2008,16.9
Gabon,2009,17.5
Gabon,2010,17.3
Gabon,2011,17.3
Gabon,2012,17.5
Gabon,2013,16.2
Gabon,2014,14.9
Gabon,2015,14.1
Gabon,2016,15.1
Gabon,2017,15.9
Gabon,2018,16.6
Gambia,2001,18
Gambia,2002,19.8
Gambia,2003,20.7
Gambia,2004,20.9
Gambia,2005,21.9
Gambia,2006,20.9
Gambia,2007,18.9
Gambia,2008,15.9
Gambia,2009,14.4
Gambia,2010,13.2
Gambia,2011,12.8
Gambia,2012,13.2
Gambia,2013,12.6
Gambia,2014,12.2
Gambia,2015,11.6
Gambia,2016,12
Gambia,2017,12
Gambia,2018,11.9
Georgia,2001,7.8
Georgia,2002,6
Georgia,2003,4.9
Georgia,2004,4.1
Georgia,2005,4.2
Georgia,2006,4.1
Georgia,2007,4
Georgia,2008,3.6
Georgia,2009,3.7
Georgia,2010,4.3
Georgia,2011,4.6
Georgia,2012,4.3
Georgia,2013,4.6
Georgia,2014,5.2
Georgia,2015,5.9
Georgia,2016,6.2
Georgia,2017,7.1
Georgia,2018,8.2
Germany,2001,2.5
Germany,2002,2.5
Germany,2003,2.5
Germany,2004,2.5
Germany,2005,2.5
Germany,2006,2.5
Germany,2007,2.5
Germany,2008,2.5
Germany,2009,2.5
Germany,2010,2.5
Germany,2011,2.5
Germany,2012,2.5
Germany,2013,2.5
Germany,2014,2.5
Germany,2015,2.5
Germany,2016,2.5
Germany,2017,2.5
Germany,2018,2.5
Ghana,2001,15
Ghana,2002,13.6
Ghana,2003,12.8
Ghana,2004,12.3
Ghana,2005,11.4
Ghana,2006,10.7
Ghana,2007,9.5
Ghana,2008,8.3
Ghana,2009,6.8
Ghana,2010,6.7
Ghana,2011,6.8
Ghana,2012,7.3
Ghana,2013,7.2
Ghana,2014,7.5
Ghana,2015,7.7
Ghana,2016,7.5
Ghana,2017,7
Ghana,2018,6.5
Greece,2001,2.5
Greece,2002,2.5
Greece,2003,2.5
Greece,2004,2.5
Greece,2005,2.5
Greece,2006,2.5
Greece,2007,2.5
Greece,2008,2.5
Greece,2009,2.5
Greece,2010,2.5
Greece,2011,2.5
Greece,2012,2.5
Greece,2013,2.5
Greece,2014,2.5
Greece,2015,2.5
Greece,2016,2.5
Greece,2017,2.5
Greece,2018,2.5
Guatemala,2001,22.4
Guatemala,2002,20
Guatemala,2003,19
Guatemala,2004,19.3
Guatemala,2005,19
Guatemala,2006,17.9
Guatemala,2007,18.4
Guatemala,2008,18
Guatemala,2009,18.3
Guatemala,2010,17.1
Guatemala,2011,17.7
Guatemala,2012,18
Guatemala,2013,18.5
Guatemala,2014,17.7
Guatemala,2015,16.9
Guatemala,2016,16.2
Guatemala,2017,16.1
Guatemala,2018,16.1
Guyana,2001,6.7
Guyana,2002,6.6
Guyana,2003,6.9
Guyana,2004,7
Guyana,2005,7.2
Guyana,2006,7.2
Guyana,2007,7.6
Guyana,2008,7.7
Guyana,2009,7.8
Guyana,2010,7.4
Guyana,2011,6.7
Guyana,2012,6
Guyana,2013,6.3
Guyana,2014,6.5
Guyana,2015,6.9
Guyana,2016,6.1
Guyana,2017,6
Guyana,2018,5.7
Haiti,2001,53.2
Haiti,2002,54.7
Haiti,2003,55.1
Haiti,2004,55.7
Haiti,2005,55
Haiti,2006,54.2
Haiti,2007,52.7
Haiti,2008,51.4
Haiti,2009,49
Haiti,2010,48.2
Haiti,2011,48.1
Haiti,2012,49.4
Haiti,2013,48.9
Haiti,2014,48.3
Haiti,2015,47.8
Haiti,2016,47.8
Haiti,2017,48.3
Haiti,2018,48.2
Heavily indebted poor countries (HIPC),2001,32.48646016
Heavily indebted poor countries (HIPC),2002,31.51930007
Heavily indebted poor countries (HIPC),2003,30.70981744
Heavily indebted poor countries (HIPC),2004,29.67584635
Heavily indebted poor countries (HIPC),2005,28.44863612
Heavily indebted poor countries (HIPC),2006,27.20087371
Heavily indebted poor countries (HIPC),2007,26.2444461
Heavily indebted poor countries (HIPC),2008,25.34688814
Heavily indebted poor countries (HIPC),2009,24.57133818
Heavily indebted poor countries (HIPC),2010,23.91059793
Heavily indebted poor countries (HIPC),2011,23.36817581
Heavily indebted poor countries (HIPC),2012,23.00644379
Heavily indebted poor countries (HIPC),2013,22.16339787
Heavily indebted poor countries (HIPC),2014,21.5517913
Heavily indebted poor countries (HIPC),2015,20.92086451
Heavily indebted poor countries (HIPC),2016,20.94652057
Heavily indebted poor countries (HIPC),2017,21.02118878
Heavily indebted poor countries (HIPC),2018,21.14722641
High income,2001,2.681230119
High income,2002,2.68412836
High income,2003,2.692275468
High income,2004,2.695248115
High income,2005,2.683735818
High income,2006,2.688946952
High income,2007,2.700578838
High income,2008,2.716896342
High income,2009,2.742259019
High income,2010,2.738473879
High income,2011,2.689990795
High income,2012,2.675830718
High income,2013,2.648169226
High income,2014,2.644881993
High income,2015,2.645602014
High income,2016,2.654712862
High income,2017,2.656171051
High income,2018,2.656418901
Honduras,2001,22
Honduras,2002,21.3
Honduras,2003,21.8
Honduras,2004,22.3
Honduras,2005,22.4
Honduras,2006,21.9
Honduras,2007,21.2
Honduras,2008,20.9
Honduras,2009,21.1
Honduras,2010,21.2
Honduras,2011,21.1
Honduras,2012,20.8
Honduras,2013,19.3
Honduras,2014,17.3
Honduras,2015,14.9
Honduras,2016,14.1
Honduras,2017,13.8
Honduras,2018,13.8
Hong Kong,2001,2.5
Hong Kong,2002,2.5
Hong Kong,2003,2.5
Hong Kong,2004,2.5
Hong Kong,2005,2.5
Hong Kong,2006,2.5
Hong Kong,2007,2.5
Hong Kong,2008,2.5
Hong Kong,2009,2.5
Hong Kong,2010,2.5
Hong Kong,2011,2.5
Hong Kong,2012,2.5
Hong Kong,2013,2.5
Hong Kong,2014,2.5
Hong Kong,2015,2.5
Hong Kong,2016,2.5
Hong Kong,2017,2.5
Hong Kong,2018,2.5
Hungary,2001,2.5
Hungary,2002,2.5
Hungary,2003,2.5
Hungary,2004,2.5
Hungary,2005,2.5
Hungary,2006,2.5
Hungary,2007,2.5
Hungary,2008,2.5
Hungary,2009,2.5
Hungary,2010,2.5
Hungary,2011,2.5
Hungary,2012,2.5
Hungary,2013,2.5
Hungary,2014,2.5
Hungary,2015,2.5
Hungary,2016,2.5
Hungary,2017,2.5
Hungary,2018,2.5
IBRD only,2001,12.89478342
IBRD only,2002,13.00649296
IBRD only,2003,13.1019843
IBRD only,2004,12.7893438
IBRD only,2005,12.32682061
IBRD only,2006,11.43498212
IBRD only,2007,10.37118151
IBRD only,2008,9.688890061
IBRD only,2009,9.145721035
IBRD only,2010,8.590271162
IBRD only,2011,8.252978601
IBRD only,2012,8.150529184
IBRD only,2013,7.986898338
IBRD only,2014,7.82492697
IBRD only,2015,7.694491745
IBRD only,2016,7.645782378
IBRD only,2017,7.62109938
IBRD only,2018,7.598622665
IDA & IBRD total,2001,15.0057042
IDA & IBRD total,2002,15.02146169
IDA & IBRD total,2003,14.98866868
IDA & IBRD total,2004,14.52477416
IDA & IBRD total,2005,13.93872117
IDA & IBRD total,2006,13.02150835
IDA & IBRD total,2007,12.04917562
IDA & IBRD total,2008,11.41001393
IDA & IBRD total,2009,10.91058409
IDA & IBRD total,2010,10.4131809
IDA & IBRD total,2011,10.11644989
IDA & IBRD total,2012,10.01575215
IDA & IBRD total,2013,9.81399298
IDA & IBRD total,2014,9.642570201
IDA & IBRD total,2015,9.502738217
IDA & IBRD total,2016,9.474851291
IDA & IBRD total,2017,9.463882468
IDA & IBRD total,2018,9.493767397
IDA blend,2001,17.83340418
IDA blend,2002,18.23794663
IDA blend,2003,17.80435705
IDA blend,2004,16.35974938
IDA blend,2005,14.92241601
IDA blend,2006,13.8449572
IDA blend,2007,13.4836897
IDA blend,2008,13.53434328
IDA blend,2009,13.57457398
IDA blend,2010,13.56797373
IDA blend,2011,13.63847264
IDA blend,2012,13.58874611
IDA blend,2013,13.07164497
IDA blend,2014,12.62696041
IDA blend,2015,12.33178808
IDA blend,2016,12.48659532
IDA blend,2017,12.4472873
IDA blend,2018,12.75335471
IDA only,2001,28.59525062
IDA only,2002,27.48419747
IDA only,2003,26.61727172
IDA only,2004,25.55492631
IDA only,2005,24.51398606
IDA only,2006,23.40204307
IDA only,2007,22.54307772
IDA only,2008,21.62891685
IDA only,2009,20.94715441
IDA only,2010,20.38122205
IDA only,2011,19.97194092
IDA only,2012,19.70974498
IDA only,2013,19.33232216
IDA only,2014,19.14492239
IDA only,2015,18.91394316
IDA only,2016,18.76061527
IDA only,2017,18.71778437
IDA only,2018,18.74067357
IDA total,2001,24.41471861
IDA total,2002,23.8908047
IDA total,2003,23.19063586
IDA total,2004,21.9768622
IDA total,2005,20.77702385
IDA total,2006,19.67195815
IDA total,2007,18.99937992
IDA total,2008,18.45475619
IDA total,2009,18.04903185
IDA total,2010,17.69578053
IDA total,2011,17.46968835
IDA total,2012,17.2874208
IDA total,2013,16.8509505
IDA total,2014,16.55774733
IDA total,2015,16.29746722
IDA total,2016,16.2630643
IDA total,2017,16.21824912
IDA total,2018,16.35091015
Iceland,2001,2.5
Iceland,2002,2.5
Iceland,2003,2.5
Iceland,2004,2.5
Iceland,2005,2.5
Iceland,2006,2.5
Iceland,2007,2.5
Iceland,2008,2.5
Iceland,2009,2.5
Iceland,2010,2.5
Iceland,2011,2.5
Iceland,2012,2.5
Iceland,2013,2.5
Iceland,2014,2.5
Iceland,2015,2.5
Iceland,2016,2.5
Iceland,2017,2.5
Iceland,2018,2.5
India,2001,18.6
India,2002,20.2
India,2003,21.7
India,2004,22.2
India,2005,21.7
India,2006,19.8
India,2007,17.6
India,2008,16.7
India,2009,16.4
India,2010,16.3
India,2011,16.3
India,2012,16.3
India,2013,15.9
India,2014,15.3
India,2015,14.7
India,2016,14.4
India,2017,14.2
India,2018,14
Indonesia,2001,19.3
Indonesia,2002,19.2
Indonesia,2003,19
Indonesia,2004,19.1
Indonesia,2005,19.3
Indonesia,2006,19.1
Indonesia,2007,18.5
Indonesia,2008,17.4
Indonesia,2009,15.5
Indonesia,2010,12.9
Indonesia,2011,10.5
Indonesia,2012,9.3
Indonesia,2013,8.9
Indonesia,2014,9.3
Indonesia,2015,9.3
Indonesia,2016,9.2
Indonesia,2017,8.9
Indonesia,2018,9
Iran,2001,4.8
Iran,2002,5.1
Iran,2003,5
Iran,2004,5
Iran,2005,5.2
Iran,2006,5.5
Iran,2007,5.8
Iran,2008,5.5
Iran,2009,5.1
Iran,2010,4.9
Iran,2011,4.8
Iran,2012,4.8
Iran,2013,4.8
Iran,2014,4.8
Iran,2015,4.9
Iran,2016,4.9
Iran,2017,4.8
Iran,2018,4.7
Iraq,2001,22.6
Iraq,2002,22.8
Iraq,2003,23.2
Iraq,2004,23.9
Iraq,2005,23.9
Iraq,2006,25.2
Iraq,2007,25.7
Iraq,2008,25
Iraq,2009,23.3
Iraq,2010,21.9
Iraq,2011,21.5
Iraq,2012,21.8
Iraq,2013,22.1
Iraq,2014,22.7
Iraq,2015,23.6
Iraq,2016,24
Iraq,2017,24
Iraq,2018,23.7
Ireland,2001,2.5
Ireland,2002,2.5
Ireland,2003,2.5
Ireland,2004,2.5
Ireland,2005,2.5
Ireland,2006,2.5
Ireland,2007,2.5
Ireland,2008,2.5
Ireland,2009,2.5
Ireland,2010,2.5
Ireland,2011,2.5
Ireland,2012,2.5
Ireland,2013,2.5
Ireland,2014,2.5
Ireland,2015,2.5
Ireland,2016,2.5
Ireland,2017,2.5
Ireland,2018,2.5
Israel,2001,2.5
Israel,2002,2.5
Israel,2003,2.5
Israel,2004,2.5
Israel,2005,2.5
Israel,2006,2.5
Israel,2007,2.5
Israel,2008,2.5
Israel,2009,2.5
Israel,2010,2.5
Israel,2011,2.5
Israel,2012,2.5
Israel,2013,2.5
Israel,2014,2.5
Israel,2015,2.5
Israel,2016,2.5
Israel,2017,2.5
Israel,2018,2.5
Italy,2001,2.5
Italy,2002,2.5
Italy,2003,2.5
Italy,2004,2.5
Italy,2005,2.5
Italy,2006,2.5
Italy,2007,2.5
Italy,2008,2.5
Italy,2009,2.5
Italy,2010,2.5
Italy,2011,2.5
Italy,2012,2.5
Italy,2013,2.5
Italy,2014,2.5
Italy,2015,2.5
Italy,2016,2.5
Italy,2017,2.5
Italy,2018,2.5
Jamaica,2001,7.5
Jamaica,2002,7
Jamaica,2003,7.1
Jamaica,2004,7.2
Jamaica,2005,7.5
Jamaica,2006,7.8
Jamaica,2007,8.4
Jamaica,2008,9.1
Jamaica,2009,9.6
Jamaica,2010,9.7
Jamaica,2011,9.9
Jamaica,2012,10.2
Jamaica,2013,10.2
Jamaica,2014,9.8
Jamaica,2015,9.7
Jamaica,2016,9.4
Jamaica,2017,9.3
Jamaica,2018,8.7
Japan,2001,2.5
Japan,2002,2.5
Japan,2003,2.5
Japan,2004,2.5
Japan,2005,2.5
Japan,2006,2.5
Japan,2007,2.5
Japan,2008,2.5
Japan,2009,2.7
Japan,2010,2.7
Japan,2011,2.5
Japan,2012,2.5
Japan,2013,2.5
Japan,2014,2.5
Japan,2015,2.5
Japan,2016,2.5
Japan,2017,2.5
Japan,2018,2.5
Jordan,2001,9.8
Jordan,2002,7.8
Jordan,2003,6.5
Jordan,2004,5.8
Jordan,2005,5.6
Jordan,2006,5.8
Jordan,2007,6.2
Jordan,2008,6.7
Jordan,2009,7
Jordan,2010,7.2
Jordan,2011,7.7
Jordan,2012,8.6
Jordan,2013,8.9
Jordan,2014,9
Jordan,2015,8.5
Jordan,2016,8.6
Jordan,2017,8.7
Jordan,2018,8.5
Kazakhstan,2001,6.6
Kazakhstan,2002,6.7
Kazakhstan,2003,7.2
Kazakhstan,2004,7.5
Kazakhstan,2005,7.4
Kazakhstan,2006,6.4
Kazakhstan,2007,5.1
Kazakhstan,2008,4.3
Kazakhstan,2009,4
Kazakhstan,2010,3.6
Kazakhstan,2011,3.2
Kazakhstan,2012,2.8
Kazakhstan,2013,2.8
Kazakhstan,2014,2.5
Kazakhstan,2015,2.5
Kazakhstan,2016,2.5
Kazakhstan,2017,2.5
Kazakhstan,2018,2.5
Kenya,2001,32.4
Kenya,2002,33.8
Kenya,2003,35.1
Kenya,2004,32.2
Kenya,2005,28.7
Kenya,2006,26.3
Kenya,2007,27.1
Kenya,2008,26.9
Kenya,2009,26
Kenya,2010,24.6
Kenya,2011,24.1
Kenya,2012,23.2
Kenya,2013,22.2
Kenya,2014,21.5
Kenya,2015,22.3
Kenya,2016,23.4
Kenya,2017,23.7
Kenya,2018,23
Kiribati,2001,4.4
Kiribati,2002,4.5
Kiribati,2003,4.9
Kiribati,2004,4.9
Kiribati,2005,5
Kiribati,2006,5.1
Kiribati,2007,5.5
Kiribati,2008,5.6
Kiribati,2009,5.4
Kiribati,2010,5
Kiribati,2011,4.5
Kiribati,2012,4.3
Kiribati,2013,3.7
Kiribati,2014,3.2
Kiribati,2015,2.6
Kiribati,2016,2.6
Kiribati,2017,2.8
Kiribati,2018,3
Kuwait,2001,2.7
Kuwait,2002,2.5
Kuwait,2003,2.5
Kuwait,2004,2.5
Kuwait,2005,2.5
Kuwait,2006,2.5
Kuwait,2007,2.5
Kuwait,2008,2.5
Kuwait,2009,2.5
Kuwait,2010,2.5
Kuwait,2011,2.5
Kuwait,2012,2.5
Kuwait,2013,2.5
Kuwait,2014,2.5
Kuwait,2015,2.5
Kuwait,2016,2.5
Kuwait,2017,2.5
Kuwait,2018,2.5
Kyrgyzstan,2001,15.3
Kyrgyzstan,2002,13.3
Kyrgyzstan,2003,11.1
Kyrgyzstan,2004,9.1
Kyrgyzstan,2005,9.1
Kyrgyzstan,2006,9.8
Kyrgyzstan,2007,10.5
Kyrgyzstan,2008,9.9
Kyrgyzstan,2009,9.1
Kyrgyzstan,2010,8.4
Kyrgyzstan,2011,8.3
Kyrgyzstan,2012,8.2
Kyrgyzstan,2013,7.2
Kyrgyzstan,2014,6.5
Kyrgyzstan,2015,6.1
Kyrgyzstan,2016,6.3
Kyrgyzstan,2017,6.4
Kyrgyzstan,2018,6.4
Late-demographic dividend,2001,10.40576496
Late-demographic dividend,2002,9.741869737
Late-demographic dividend,2003,9.101153488
Late-demographic dividend,2004,8.262147192
Late-demographic dividend,2005,7.713083174
Late-demographic dividend,2006,7.129774022
Late-demographic dividend,2007,6.371725618
Late-demographic dividend,2008,5.691894517
Late-demographic dividend,2009,5.032952727
Late-demographic dividend,2010,4.303538198
Late-demographic dividend,2011,3.914492332
Late-demographic dividend,2012,3.828504992
Late-demographic dividend,2013,3.781320684
Late-demographic dividend,2014,3.729498953
Late-demographic dividend,2015,3.683962357
Late-demographic dividend,2016,3.654881849
Late-demographic dividend,2017,3.634097907
Late-demographic dividend,2018,3.638709588
Latin America & Caribbean,2001,10.67374704
Latin America & Caribbean,2002,10.19937569
Latin America & Caribbean,2003,9.831806188
Latin America & Caribbean,2004,9.162595471
Latin America & Caribbean,2005,8.60788389
Latin America & Caribbean,2006,7.955455358
Latin America & Caribbean,2007,7.405664988
Latin America & Caribbean,2008,7.179759283
Latin America & Caribbean,2009,7.060782436
Latin America & Caribbean,2010,6.870150482
Latin America & Caribbean,2011,6.593164649
Latin America & Caribbean,2012,6.351093667
Latin America & Caribbean,2013,6.139707113
Latin America & Caribbean,2014,6.162001869
Latin America & Caribbean,2015,6.451389091
Latin America & Caribbean,2016,6.847032282
Latin America & Caribbean,2017,7.192542801
Latin America & Caribbean,2018,7.429061188
Latin America & Caribbean (IDA & IBRD),2001,10.85425304
Latin America & Caribbean (IDA & IBRD),2002,10.3675661
Latin America & Caribbean (IDA & IBRD),2003,9.989938933
Latin America & Caribbean (IDA & IBRD),2004,9.30475124
Latin America & Caribbean (IDA & IBRD),2005,8.736516136
Latin America & Caribbean (IDA & IBRD),2006,8.069169603
Latin America & Caribbean (IDA & IBRD),2007,7.50639245
Latin America & Caribbean (IDA & IBRD),2008,7.274766536
Latin America & Caribbean (IDA & IBRD),2009,7.152178041
Latin America & Caribbean (IDA & IBRD),2010,6.956728931
Latin America & Caribbean (IDA & IBRD),2011,6.673337737
Latin America & Caribbean (IDA & IBRD),2012,6.425896256
Latin America & Caribbean (IDA & IBRD),2013,6.209734769
Latin America & Caribbean (IDA & IBRD),2014,6.23190587
Latin America & Caribbean (IDA & IBRD),2015,6.52617039
Latin America & Caribbean (IDA & IBRD),2016,6.92858482
Latin America & Caribbean (IDA & IBRD),2017,7.279859821
Latin America & Caribbean (IDA & IBRD),2018,7.520022793
Latin America & Caribbean (excluding high income),2001,10.73077571
Latin America & Caribbean (excluding high income),2002,10.21036268
Latin America & Caribbean (excluding high income),2003,9.827282964
Latin America & Caribbean (excluding high income),2004,9.332995779
Latin America & Caribbean (excluding high income),2005,8.816098947
Latin America & Caribbean (excluding high income),2006,8.170091696
Latin America & Caribbean (excluding high income),2007,7.698024955
Latin America & Caribbean (excluding high income),2008,7.548234661
Latin America & Caribbean (excluding high income),2009,7.433510596
Latin America & Caribbean (excluding high income),2010,7.226701713
Latin America & Caribbean (excluding high income),2011,6.932590877
Latin America & Caribbean (excluding high income),2012,6.634922334
Latin America & Caribbean (excluding high income),2013,6.333665668
Latin America & Caribbean (excluding high income),2014,6.151806134
Latin America & Caribbean (excluding high income),2015,6.181938185
Latin America & Caribbean (excluding high income),2016,6.262904926
Latin America & Caribbean (excluding high income),2017,6.325175987
Latin America & Caribbean (excluding high income),2018,6.403090076
Latvia,2001,4.6
Latvia,2002,3.5
Latvia,2003,2.8
Latvia,2004,2.5
Latvia,2005,2.5
Latvia,2006,2.5
Latvia,2007,2.5
Latvia,2008,2.5
Latvia,2009,2.5
Latvia,2010,2.5
Latvia,2011,2.5
Latvia,2012,2.5
Latvia,2013,2.5
Latvia,2014,2.5
Latvia,2015,2.5
Latvia,2016,2.5
Latvia,2017,2.5
Latvia,2018,2.5
Least developed countries: UN classification,2001,30.94657958
Least developed countries: UN classification,2002,29.6906675
Least developed countries: UN classification,2003,28.66670089
Least developed countries: UN classification,2004,27.47783516
Least developed countries: UN classification,2005,26.33126361
Least developed countries: UN classification,2006,25.09624722
Least developed countries: UN classification,2007,24.10612701
Least developed countries: UN classification,2008,23.05981164
Least developed countries: UN classification,2009,22.28775458
Least developed countries: UN classification,2010,21.62610012
Least developed countries: UN classification,2011,21.18185588
Least developed countries: UN classification,2012,20.8648403
Least developed countries: UN classification,2013,20.26555827
Least developed countries: UN classification,2014,19.89587412
Least developed countries: UN classification,2015,19.52899659
Least developed countries: UN classification,2016,19.43463261
Least developed countries: UN classification,2017,19.39419105
Least developed countries: UN classification,2018,19.40485573
Lebanon,2001,7.9
Lebanon,2002,8.7
Lebanon,2003,9.7
Lebanon,2004,10.8
Lebanon,2005,11
Lebanon,2006,10.6
Lebanon,2007,10
Lebanon,2008,9.5
Lebanon,2009,9.7
Lebanon,2010,10.3
Lebanon,2011,12.2
Lebanon,2012,15
Lebanon,2013,12.4
Lebanon,2014,9.3
Lebanon,2015,5.6
Lebanon,2016,6.2
Lebanon,2017,6.2
Lebanon,2018,5.7
Lesotho,2001,20.2
Lesotho,2002,18.6
Lesotho,2003,17
Lesotho,2004,15.5
Lesotho,2005,13.8
Lesotho,2006,12.9
Lesotho,2007,12.5
Lesotho,2008,12.4
Lesotho,2009,12
Lesotho,2010,11.7
Lesotho,2011,11.6
Lesotho,2012,11.9
Lesotho,2013,15.5
Lesotho,2014,22.7
Lesotho,2015,36.8
Lesotho,2016,37.4
Lesotho,2017,37.9
Lesotho,2018,32.6
Liberia,2001,36.7
Liberia,2002,38.2
Liberia,2003,37.7
Liberia,2004,36.6
Liberia,2005,35.9
Liberia,2006,35.3
Liberia,2007,34.5
Liberia,2008,33
Liberia,2009,32.4
Liberia,2010,32.2
Liberia,2011,33
Liberia,2012,33.3
Liberia,2013,35.6
Liberia,2014,37.1
Liberia,2015,38.8
Liberia,2016,38.8
Liberia,2017,38.4
Liberia,2018,37.5
Lithuania,2001,2.5
Lithuania,2002,2.5
Lithuania,2003,2.5
Lithuania,2004,2.5
Lithuania,2005,2.5
Lithuania,2006,2.5
Lithuania,2007,2.5
Lithuania,2008,2.5
Lithuania,2009,2.5
Lithuania,2010,2.5
Lithuania,2011,2.5
Lithuania,2012,2.5
Lithuania,2013,2.5
Lithuania,2014,2.5
Lithuania,2015,2.5
Lithuania,2016,2.5
Lithuania,2017,2.5
Lithuania,2018,2.5
Low & middle income,2001,15.2257414
Low & middle income,2002,15.2380855
Low & middle income,2003,15.19437223
Low & middle income,2004,14.74880619
Low & middle income,2005,14.17045794
Low & middle income,2006,13.25928649
Low & middle income,2007,12.2975223
Low & middle income,2008,11.66644073
Low & middle income,2009,11.164874
Low & middle income,2010,10.6615501
Low & middle income,2011,10.3601472
Low & middle income,2012,10.25362877
Low & middle income,2013,10.04532637
Low & middle income,2014,9.857364706
Low & middle income,2015,9.692984658
Low & middle income,2016,9.635295451
Low & middle income,2017,9.596057828
Low & middle income,2018,9.609531474
Lower middle income,2001,18.18024103
Lower middle income,2002,18.70230637
Lower middle income,2003,19.06100934
Lower middle income,2004,18.90384035
Lower middle income,2005,18.29983458
Lower middle income,2006,17.08447683
Lower middle income,2007,15.81121399
Lower middle income,2008,15.12765485
Lower middle income,2009,14.72169495
Lower middle income,2010,14.32269683
Lower middle income,2011,14.02689811
Lower middle income,2012,13.82312939
Lower middle income,2013,13.50575264
Lower middle income,2014,13.15052744
Lower middle income,2015,12.80916103
Lower middle income,2016,12.57138471
Lower middle income,2017,12.3978219
Lower middle income,2018,12.31749652
Luxembourg,2001,2.5
Luxembourg,2002,2.5
Luxembourg,2003,2.5
Luxembourg,2004,2.5
Luxembourg,2005,2.5
Luxembourg,2006,2.5
Luxembourg,2007,2.5
Luxembourg,2008,2.5
Luxembourg,2009,2.5
Luxembourg,2010,2.5
Luxembourg,2011,2.5
Luxembourg,2012,2.5
Luxembourg,2013,2.5
Luxembourg,2014,2.5
Luxembourg,2015,2.5
Luxembourg,2016,2.5
Luxembourg,2017,2.5
Luxembourg,2018,2.5
Macao,2001,21.3
Macao,2002,20.6
Macao,2003,19.1
Macao,2004,17.3
Macao,2005,16
Macao,2006,15.2
Macao,2007,15
Macao,2008,14.5
Macao,2009,14.2
Macao,2010,13.8
Macao,2011,13.3
Macao,2012,13.1
Macao,2013,11.4
Macao,2014,10.3
Macao,2015,9.4
Macao,2016,9.5
Macao,2017,9.2
Macao,2018,8.5
Madagascar,2001,33.9
Madagascar,2002,35.3
Madagascar,2003,36.6
Madagascar,2004,35.2
Madagascar,2005,33.5
Madagascar,2006,31.1
Madagascar,2007,30.6
Madagascar,2008,30.5
Madagascar,2009,30.6
Madagascar,2010,30
Madagascar,2011,30.1
Madagascar,2012,30.7
Madagascar,2013,33.2
Madagascar,2014,36.7
Madagascar,2015,40.2
Madagascar,2016,41.4
Madagascar,2017,41.2
Madagascar,2018,41.7
Malawi,2001,23.8
Malawi,2002,24
Malawi,2003,24.7
Malawi,2004,24.2
Malawi,2005,22.5
Malawi,2006,20.6
Malawi,2007,18.7
Malawi,2008,18.1
Malawi,2009,17.6
Malawi,2010,17.3
Malawi,2011,17.1
Malawi,2012,17
Malawi,2013,17.3
Malawi,2014,16.9
Malawi,2015,17.4
Malawi,2016,17
Malawi,2017,18.6
Malawi,2018,18.8
Malaysia,2001,2.6
Malaysia,2002,2.9
Malaysia,2003,3
Malaysia,2004,3.2
Malaysia,2005,3.3
Malaysia,2006,3.5
Malaysia,2007,3.7
Malaysia,2008,3.7
Malaysia,2009,3.6
Malaysia,2010,3.2
Malaysia,2011,3
Malaysia,2012,2.9
Malaysia,2013,3.5
Malaysia,2014,3.7
Malaysia,2015,4
Malaysia,2016,3.4
Malaysia,2017,3.2
Malaysia,2018,3
Mali,2001,16.4
Mali,2002,15.4
Mali,2003,15.2
Mali,2004,14.6
Mali,2005,13.5
Mali,2006,12
Mali,2007,10.6
Mali,2008,9.5
Mali,2009,9
Mali,2010,8.7
Mali,2011,8.5
Mali,2012,8
Mali,2013,6.9
Mali,2014,6.1
Mali,2015,5.4
Mali,2016,5.3
Mali,2017,5.2
Mali,2018,5.1
Malta,2001,2.5
Malta,2002,2.5
Malta,2003,2.5
Malta,2004,2.5
Malta,2005,2.5
Malta,2006,2.5
Malta,2007,2.5
Malta,2008,2.5
Malta,2009,2.5
Malta,2010,2.5
Malta,2011,2.5
Malta,2012,2.5
Malta,2013,2.5
Malta,2014,2.5
Malta,2015,2.5
Malta,2016,2.5
Malta,2017,2.5
Malta,2018,2.5
Mauritania,2001,8.4
Mauritania,2002,8
Mauritania,2003,8.4
Mauritania,2004,8.7
Mauritania,2005,9.6
Mauritania,2006,8.9
Mauritania,2007,8.2
Mauritania,2008,7.4
Mauritania,2009,7.3
Mauritania,2010,7.4
Mauritania,2011,7.2
Mauritania,2012,7.1
Mauritania,2013,7.1
Mauritania,2014,7.9
Mauritania,2015,9.6
Mauritania,2016,10.8
Mauritania,2017,11.7
Mauritania,2018,11.9
Mauritius,2001,5.8
Mauritius,2002,5.6
Mauritius,2003,5.4
Mauritius,2004,5.3
Mauritius,2005,5.1
Mauritius,2006,5
Mauritius,2007,5.3
Mauritius,2008,5
Mauritius,2009,4.9
Mauritius,2010,4.7
Mauritius,2011,5.3
Mauritius,2012,5.7
Mauritius,2013,5.8
Mauritius,2014,5.4
Mauritius,2015,5.8
Mauritius,2016,5.4
Mauritius,2017,5.5
Mauritius,2018,5.3
Mexico,2001,3.3
Mexico,2002,3.7
Mexico,2003,4.3
Mexico,2004,4.6
Mexico,2005,4.5
Mexico,2006,4.1
Mexico,2007,4.1
Mexico,2008,4.5
Mexico,2009,4.8
Mexico,2010,4.8
Mexico,2011,4.6
Mexico,2012,4.3
Mexico,2013,4.1
Mexico,2014,4.6
Mexico,2015,5.6
Mexico,2016,6.4
Mexico,2017,6.7
Mexico,2018,7.1
Middle East & North Africa,2001,7.134798964
Middle East & North Africa,2002,7.169558698
Middle East & North Africa,2003,7.253639525
Middle East & North Africa,2004,7.442987512
Middle East & North Africa,2005,7.469319122
Middle East & North Africa,2006,7.538285526
Middle East & North Africa,2007,7.537105974
Middle East & North Africa,2008,7.375398274
Middle East & North Africa,2009,7.041938369
Middle East & North Africa,2010,6.773086739
Middle East & North Africa,2011,6.530472776
Middle East & North Africa,2012,6.5546633
Middle East & North Africa,2013,6.374394507
Middle East & North Africa,2014,6.315055451
Middle East & North Africa,2015,6.263278475
Middle East & North Africa,2016,6.374292367
Middle East & North Africa,2017,6.384287902
Middle East & North Africa,2018,6.323108193
Middle East & North Africa (IDA & IBRD),2001,7.494662634
Middle East & North Africa (IDA & IBRD),2002,7.527159275
Middle East & North Africa (IDA & IBRD),2003,7.599582695
Middle East & North Africa (IDA & IBRD),2004,7.811144514
Middle East & North Africa (IDA & IBRD),2005,7.855975913
Middle East & North Africa (IDA & IBRD),2006,7.947878027
Middle East & North Africa (IDA & IBRD),2007,7.924047359
Middle East & North Africa (IDA & IBRD),2008,7.698408162
Middle East & North Africa (IDA & IBRD),2009,7.312462458
Middle East & North Africa (IDA & IBRD),2010,7.004274398
Middle East & North Africa (IDA & IBRD),2011,6.815050781
Middle East & North Africa (IDA & IBRD),2012,6.880946187
Middle East & North Africa (IDA & IBRD),2013,6.763048653
Middle East & North Africa (IDA & IBRD),2014,6.709606509
Middle East & North Africa (IDA & IBRD),2015,6.663367206
Middle East & North Africa (IDA & IBRD),2016,6.778942934
Middle East & North Africa (IDA & IBRD),2017,6.78311109
Middle East & North Africa (IDA & IBRD),2018,6.713117981
Middle East & North Africa (excluding high income),2001,7.494662634
Middle East & North Africa (excluding high income),2002,7.527159275
Middle East & North Africa (excluding high income),2003,7.599582695
Middle East & North Africa (excluding high income),2004,7.811144514
Middle East & North Africa (excluding high income),2005,7.855975913
Middle East & North Africa (excluding high income),2006,7.947878027
Middle East & North Africa (excluding high income),2007,7.924047359
Middle East & North Africa (excluding high income),2008,7.698408162
Middle East & North Africa (excluding high income),2009,7.312462458
Middle East & North Africa (excluding high income),2010,7.004274398
Middle East & North Africa (excluding high income),2011,6.815050781
Middle East & North Africa (excluding high income),2012,6.880946187
Middle East & North Africa (excluding high income),2013,6.763048653
Middle East & North Africa (excluding high income),2014,6.709606509
Middle East & North Africa (excluding high income),2015,6.663367206
Middle East & North Africa (excluding high income),2016,6.778942934
Middle East & North Africa (excluding high income),2017,6.78311109
Middle East & North Africa (excluding high income),2018,6.713117981
Middle income,2001,14.11140369
Middle income,2002,14.17661566
Middle income,2003,14.17501545
Middle income,2004,13.76185198
Middle income,2005,13.19566508
Middle income,2006,12.27898559
Middle income,2007,11.2996031
Middle income,2008,10.67546913
Middle income,2009,10.19545794
Middle income,2010,9.685965708
Middle income,2011,9.38317619
Middle income,2012,9.266015371
Middle income,2013,9.087783454
Middle income,2014,8.900216168
Middle income,2015,8.743657735
Middle income,2016,8.646865307
Middle income,2017,8.581727918
Middle income,2018,8.570246301
Mongolia,2001,31.2
Mongolia,2002,30.7
Mongolia,2003,30.9
Mongolia,2004,30.8
Mongolia,2005,29.7
Mongolia,2006,27.5
Mongolia,2007,25.3
Mongolia,2008,22.4
Mongolia,2009,20.8
Mongolia,2010,19.5
Mongolia,2011,18.9
Mongolia,2012,18
Mongolia,2013,17
Mongolia,2014,20.8
Mongolia,2015,19.5
Mongolia,2016,21.2
Mongolia,2017,18.8
Mongolia,2018,21.3
Montenegro,2001,2.5
Montenegro,2002,2.5
Montenegro,2003,2.5
Montenegro,2004,2.5
Montenegro,2005,2.5
Montenegro,2006,2.5
Montenegro,2007,2.5
Montenegro,2008,2.5
Montenegro,2009,2.5
Montenegro,2010,2.5
Montenegro,2011,2.5
Montenegro,2012,2.5
Montenegro,2013,2.5
Montenegro,2014,2.5
Montenegro,2015,2.5
Montenegro,2016,2.5
Montenegro,2017,2.5
Montenegro,2018,2.5
Morocco,2001,6.4
Morocco,2002,6
Morocco,2003,5.6
Morocco,2004,5.6
Morocco,2005,5.5
Morocco,2006,5.7
Morocco,2007,5.6
Morocco,2008,5.7
Morocco,2009,5.7
Morocco,2010,5.6
Morocco,2011,5.3
Morocco,2012,4.9
Morocco,2013,4.4
Morocco,2014,4.1
Morocco,2015,3.8
Morocco,2016,3.8
Morocco,2017,4
Morocco,2018,4.3
Mozambique,2001,36.6
Mozambique,2002,35.3
Mozambique,2003,34.2
Mozambique,2004,34.2
Mozambique,2005,33.4
Mozambique,2006,32.5
Mozambique,2007,30
Mozambique,2008,28.8
Mozambique,2009,25.9
Mozambique,2010,24.2
Mozambique,2011,22
Mozambique,2012,21.1
Mozambique,2013,22.9
Mozambique,2014,26.7
Mozambique,2015,31
Mozambique,2016,32.9
Mozambique,2017,32.9
Mozambique,2018,32.6
Myanmar,2001,37.7
Myanmar,2002,34.8
Myanmar,2003,32.5
Myanmar,2004,30.3
Myanmar,2005,27.9
Myanmar,2006,24.9
Myanmar,2007,21.3
Myanmar,2008,18.5
Myanmar,2009,15.9
Myanmar,2010,14.2
Myanmar,2011,12.7
Myanmar,2012,12.1
Myanmar,2013,12.8
Myanmar,2014,13.6
Myanmar,2015,13.9
Myanmar,2016,13.5
Myanmar,2017,13.7
Myanmar,2018,14.1
Namibia,2001,13.1
Namibia,2002,13.5
Namibia,2003,14.2
Namibia,2004,14.6
Namibia,2005,15.7
Namibia,2006,17.1
Namibia,2007,20
Namibia,2008,23.9
Namibia,2009,27.5
Namibia,2010,28.3
Namibia,2011,26.5
Namibia,2012,24
Namibia,2013,21.6
Namibia,2014,18.1
Namibia,2015,14.8
Namibia,2016,12.8
Namibia,2017,13.3
Namibia,2018,14.7
Nepal,2001,23.6
Nepal,2002,21.9
Nepal,2003,19.9
Nepal,2004,17.7
Nepal,2005,16.9
Nepal,2006,16
Nepal,2007,15
Nepal,2008,13.1
Nepal,2009,11.5
Nepal,2010,9.9
Nepal,2011,8.4
Nepal,2012,7.1
Nepal,2013,6.6
Nepal,2014,6.5
Nepal,2015,6.4
Nepal,2016,6
Nepal,2017,6
Nepal,2018,6.1
Netherlands,2001,2.5
Netherlands,2002,2.5
Netherlands,2003,2.5
Netherlands,2004,2.5
Netherlands,2005,2.5
Netherlands,2006,2.5
Netherlands,2007,2.5
Netherlands,2008,2.5
Netherlands,2009,2.5
Netherlands,2010,2.5
Netherlands,2011,2.5
Netherlands,2012,2.5
Netherlands,2013,2.5
Netherlands,2014,2.5
Netherlands,2015,2.5
Netherlands,2016,2.5
Netherlands,2017,2.5
Netherlands,2018,2.5
New Caledonia,2001,8.5
New Caledonia,2002,8.8
New Caledonia,2003,9.2
New Caledonia,2004,9.6
New Caledonia,2005,9.6
New Caledonia,2006,9.6
New Caledonia,2007,9.5
New Caledonia,2008,9.2
New Caledonia,2009,9
New Caledonia,2010,8.5
New Caledonia,2011,8.2
New Caledonia,2012,8.1
New Caledonia,2013,7.8
New Caledonia,2014,7.9
New Caledonia,2015,8.2
New Caledonia,2016,8.7
New Caledonia,2017,8.6
New Caledonia,2018,8.2
New Zealand,2001,2.5
New Zealand,2002,2.5
New Zealand,2003,2.5
New Zealand,2004,2.5
New Zealand,2005,2.5
New Zealand,2006,2.5
New Zealand,2007,2.5
New Zealand,2008,2.5
New Zealand,2009,2.5
New Zealand,2010,2.5
New Zealand,2011,2.5
New Zealand,2012,2.5
New Zealand,2013,2.5
New Zealand,2014,2.5
New Zealand,2015,2.5
New Zealand,2016,2.5
New Zealand,2017,2.5
New Zealand,2018,2.5
Nicaragua,2001,27.6
Nicaragua,2002,25.3
Nicaragua,2003,25
Nicaragua,2004,24.1
Nicaragua,2005,23.3
Nicaragua,2006,22.3
Nicaragua,2007,21.7
Nicaragua,2008,21.2
Nicaragua,2009,20.9
Nicaragua,2010,20.2
Nicaragua,2011,19.2
Nicaragua,2012,17.9
Nicaragua,2013,18.3
Nicaragua,2014,18.8
Nicaragua,2015,19
Nicaragua,2016,18.1
Nicaragua,2017,17.1
Nicaragua,2018,17.2
Nigeria,2001,9.1
Nigeria,2002,9.1
Nigeria,2003,8.8
Nigeria,2004,8.2
Nigeria,2005,7.4
Nigeria,2006,7
Nigeria,2007,6.9
Nigeria,2008,7.2
Nigeria,2009,7.3
Nigeria,2010,7.4
Nigeria,2011,7.5
Nigeria,2012,7.6
Nigeria,2013,8.6
Nigeria,2014,9.8
Nigeria,2015,11.1
Nigeria,2016,12
Nigeria,2017,11.9
Nigeria,2018,12.6
North America,2001,2.5
North America,2002,2.5
North America,2003,2.5
North America,2004,2.5
North America,2005,2.5
North America,2006,2.5
North America,2007,2.5
North America,2008,2.5
North America,2009,2.5
North America,2010,2.5
North America,2011,2.5
North America,2012,2.5
North America,2013,2.5
North America,2014,2.5
North America,2015,2.5
North America,2016,2.5
North America,2017,2.5
North America,2018,2.5
North Korea,2001,35.7
North Korea,2002,34.9
North Korea,2003,32.4
North Korea,2004,32.6
North Korea,2005,33.9
North Korea,2006,36.2
North Korea,2007,38.3
North Korea,2008,39.8
North Korea,2009,40.5
North Korea,2010,40.7
North Korea,2011,40.5
North Korea,2012,40.5
North Korea,2013,41.4
North Korea,2014,43
North Korea,2015,44.5
North Korea,2016,46
North Korea,2017,47
North Korea,2018,47.6
North Macedonia,2001,7.6
North Macedonia,2002,7.6
North Macedonia,2003,5.9
North Macedonia,2004,5.5
North Macedonia,2005,5
North Macedonia,2006,4.5
North Macedonia,2007,3.6
North Macedonia,2008,2.9
North Macedonia,2009,3.2
North Macedonia,2010,3.4
North Macedonia,2011,3.7
North Macedonia,2012,3.7
North Macedonia,2013,3.7
North Macedonia,2014,3.5
North Macedonia,2015,3.4
North Macedonia,2016,3.1
North Macedonia,2017,3.1
North Macedonia,2018,3.1
Norway,2001,2.5
Norway,2002,2.5
Norway,2003,2.5
Norway,2004,2.5
Norway,2005,2.5
Norway,2006,2.5
Norway,2007,2.5
Norway,2008,2.5
Norway,2009,2.5
Norway,2010,2.5
Norway,2011,2.5
Norway,2012,2.5
Norway,2013,2.5
Norway,2014,2.5
Norway,2015,2.5
Norway,2016,2.5
Norway,2017,2.5
Norway,2018,2.5
OECD members,2001,2.818222992
OECD members,2002,2.863749021
OECD members,2003,2.941399978
OECD members,2004,2.998619696
OECD members,2005,2.999035838
OECD members,2006,2.974901068
OECD members,2007,2.960603823
OECD members,2008,3.011839305
OECD members,2009,3.07687982
OECD members,2010,3.087799415
OECD members,2011,3.018902706
OECD members,2012,2.931320777
OECD members,2013,2.873191346
OECD members,2014,2.886416319
OECD members,2015,2.956233608
OECD members,2016,3.00633208
OECD members,2017,3.023673866
OECD members,2018,3.067957945
Oman,2001,12.4
Oman,2002,11.4
Oman,2003,11.1
Oman,2004,10.2
Oman,2005,9.7
Oman,2006,9.7
Oman,2007,9.8
Oman,2008,9.8
Oman,2009,9.5
Oman,2010,9.2
Oman,2011,8.5
Oman,2012,7.3
Oman,2013,6.8
Oman,2014,6.9
Oman,2015,7.7
Oman,2016,8.1
Oman,2017,8.2
Oman,2018,7.8
Other small states,2001,13.89679337
Other small states,2002,13.69728002
Other small states,2003,13.44443667
Other small states,2004,13.22270966
Other small states,2005,13.40652528
Other small states,2006,13.69342907
Other small states,2007,14.2083596
Other small states,2008,14.59636731
Other small states,2009,15.00077845
Other small states,2010,14.87237317
Other small states,2011,14.36324064
Other small states,2012,14.0421463
Other small states,2013,13.90899143
Pacific island small states,2001,6.64571328
Pacific island small states,2002,6.446702171
Pacific island small states,2003,6.227425819
Pacific island small states,2004,6.077853959
Pacific island small states,2005,5.880613048
Pacific island small states,2006,5.80158967
Pacific island small states,2007,5.656057191
Pacific island small states,2008,5.747343504
Pacific island small states,2009,5.607620203
Pacific island small states,2010,5.662559214
Pacific island small states,2011,5.755779538
Pacific island small states,2012,6.093180556
Pacific island small states,2013,6.454787676
Pacific island small states,2014,6.744441836
Pacific island small states,2015,6.793707365
Pacific island small states,2016,6.836219039
Pacific island small states,2017,7.029939151
Pacific island small states,2018,7.365454222
Pakistan,2001,21.2
Pakistan,2002,21.9
Pakistan,2003,21.1
Pakistan,2004,19.2
Pakistan,2005,17.7
Pakistan,2006,16.5
Pakistan,2007,15.9
Pakistan,2008,16
Pakistan,2009,16.4
Pakistan,2010,16.9
Pakistan,2011,17.4
Pakistan,2012,17.7
Pakistan,2013,16.2
Pakistan,2014,14.6
Pakistan,2015,12.8
Pakistan,2016,12.1
Pakistan,2017,12
Pakistan,2018,12.3
Panama,2001,24.6
Panama,2002,20.6
Panama,2003,21.1
Panama,2004,21.4
Panama,2005,21.7
Panama,2006,18.6
Panama,2007,16.3
Panama,2008,14.2
Panama,2009,13
Panama,2010,11.9
Panama,2011,10.3
Panama,2012,9.2
Panama,2013,8.7
Panama,2014,8.4
Panama,2015,8.3
Panama,2016,7.8
Panama,2017,7.3
Panama,2018,6.9
Paraguay,2001,10.6
Paraguay,2002,9.4
Paraguay,2003,8.9
Paraguay,2004,9.2
Paraguay,2005,9.6
Paraguay,2006,9.8
Paraguay,2007,9.5
Paraguay,2008,9.8
Paraguay,2009,9.4
Paraguay,2010,8.5
Paraguay,2011,7.9
Paraguay,2012,7.9
Paraguay,2013,7.8
Paraguay,2014,7.7
Paraguay,2015,8
Paraguay,2016,8.5
Paraguay,2017,8.7
Paraguay,2018,8.8
Peru,2001,21.6
Peru,2002,23
Peru,2003,23.2
Peru,2004,21.8
Peru,2005,18.9
Peru,2006,15.8
Peru,2007,13.8
Peru,2008,11.7
Peru,2009,9.6
Peru,2010,8.2
Peru,2011,6.9
Peru,2012,5.9
Peru,2013,5.6
Peru,2014,5.8
Peru,2015,6.6
Peru,2016,6.9
Peru,2017,7
Peru,2018,6.7
Philippines,2001,18.8
Philippines,2002,18.5
Philippines,2003,17.3
Philippines,2004,16.3
Philippines,2005,15
Philippines,2006,14.1
Philippines,2007,13.2
Philippines,2008,12.7
Philippines,2009,12.8
Philippines,2010,13.1
Philippines,2011,13.3
Philippines,2012,13.4
Philippines,2013,14.6
Philippines,2014,15.3
Philippines,2015,16.2
Philippines,2016,15.2
Philippines,2017,14.9
Philippines,2018,14.5
Poland,2001,2.5
Poland,2002,2.5
Poland,2003,2.5
Poland,2004,2.5
Poland,2005,2.5
Poland,2006,2.5
Poland,2007,2.5
Poland,2008,2.5
Poland,2009,2.5
Poland,2010,2.5
Poland,2011,2.5
Poland,2012,2.5
Poland,2013,2.5
Poland,2014,2.5
Poland,2015,2.5
Poland,2016,2.5
Poland,2017,2.5
Poland,2018,2.5
Portugal,2001,2.5
Portugal,2002,2.5
Portugal,2003,2.5
Portugal,2004,2.5
Portugal,2005,2.5
Portugal,2006,2.5
Portugal,2007,2.5
Portugal,2008,2.5
Portugal,2009,2.5
Portugal,2010,2.5
Portugal,2011,2.5
Portugal,2012,2.5
Portugal,2013,2.5
Portugal,2014,2.5
Portugal,2015,2.5
Portugal,2016,2.5
Portugal,2017,2.5
Portugal,2018,2.5
Post-demographic dividend,2001,2.565820705
Post-demographic dividend,2002,2.541619075
Post-demographic dividend,2003,2.546970952
Post-demographic dividend,2004,2.545594592
Post-demographic dividend,2005,2.524877239
Post-demographic dividend,2006,2.525593401
Post-demographic dividend,2007,2.522514067
Post-demographic dividend,2008,2.520613882
Post-demographic dividend,2009,2.543052939
Post-demographic dividend,2010,2.543373017
Post-demographic dividend,2011,2.519170505
Post-demographic dividend,2012,2.516932308
Post-demographic dividend,2013,2.511993161
Post-demographic dividend,2014,2.511383753
Post-demographic dividend,2015,2.522003684
Post-demographic dividend,2016,2.510963469
Post-demographic dividend,2017,2.54076633
Post-demographic dividend,2018,2.54749812
Pre-demographic dividend,2001,24.86064043
Pre-demographic dividend,2002,24.61889536
Pre-demographic dividend,2003,24.09570515
Pre-demographic dividend,2004,23.31289561
Pre-demographic dividend,2005,22.11555728
Pre-demographic dividend,2006,21.13268505
Pre-demographic dividend,2007,20.50086774
Pre-demographic dividend,2008,20.01811203
Pre-demographic dividend,2009,19.63582832
Pre-demographic dividend,2010,19.11124905
Pre-demographic dividend,2011,18.7685498
Pre-demographic dividend,2012,18.43195003
Pre-demographic dividend,2013,18.0729421
Pre-demographic dividend,2014,18.03066829
Pre-demographic dividend,2015,18.32592347
Pre-demographic dividend,2016,18.89987679
Pre-demographic dividend,2017,19.0873026
Pre-demographic dividend,2018,19.32780018
Romania,2001,2.5
Romania,2002,2.5
Romania,2003,2.5
Romania,2004,2.5
Romania,2005,2.5
Romania,2006,2.5
Romania,2007,2.5
Romania,2008,2.5
Romania,2009,2.5
Romania,2010,2.5
Romania,2011,2.5
Romania,2012,2.5
Romania,2013,2.5
Romania,2014,2.5
Romania,2015,2.5
Romania,2016,2.5
Romania,2017,2.5
Romania,2018,2.5
Russia,2001,4.1
Russia,2002,3.3
Russia,2003,2.8
Russia,2004,2.5
Russia,2005,2.5
Russia,2006,2.5
Russia,2007,2.5
Russia,2008,2.5
Russia,2009,2.5
Russia,2010,2.5
Russia,2011,2.5
Russia,2012,2.5
Russia,2013,2.5
Russia,2014,2.5
Russia,2015,2.5
Russia,2016,2.5
Russia,2017,2.5
Russia,2018,2.5
Rwanda,2001,38.5
Rwanda,2002,35.1
Rwanda,2003,34.4
Rwanda,2004,35.6
Rwanda,2005,34.9
Rwanda,2006,33.1
Rwanda,2007,31.5
Rwanda,2008,28.6
Rwanda,2009,25.8
Rwanda,2010,23.9
Rwanda,2011,22.7
Rwanda,2012,22.2
Rwanda,2013,25.5
Rwanda,2014,30.2
Rwanda,2015,33.9
Rwanda,2016,34.8
Rwanda,2017,34.9
Rwanda,2018,35.6
Saint Vincent and the Grenadines,2001,13.5
Saint Vincent and the Grenadines,2002,12
Saint Vincent and the Grenadines,2003,9.6
Saint Vincent and the Grenadines,2004,8.8
Saint Vincent and the Grenadines,2005,8
Saint Vincent and the Grenadines,2006,7.3
Saint Vincent and the Grenadines,2007,6.9
Saint Vincent and the Grenadines,2008,6.5
Saint Vincent and the Grenadines,2009,6.1
Saint Vincent and the Grenadines,2010,5.8
Saint Vincent and the Grenadines,2011,5.5
Saint Vincent and the Grenadines,2012,5.3
Saint Vincent and the Grenadines,2013,5.7
Saint Vincent and the Grenadines,2014,5.7
Saint Vincent and the Grenadines,2015,6.1
Saint Vincent and the Grenadines,2016,5.9
Saint Vincent and the Grenadines,2017,6
Saint Vincent and the Grenadines,2018,5.7
Samoa,2001,3.5
Samoa,2002,3.3
Samoa,2003,3.1
Samoa,2004,2.9
Samoa,2005,2.9
Samoa,2006,3.1
Samoa,2007,3.1
Samoa,2008,3
Samoa,2009,2.8
Samoa,2010,3
Samoa,2011,2.7
Samoa,2012,2.6
Samoa,2013,2.5
Samoa,2014,2.6
Samoa,2015,2.5
Samoa,2016,2.5
Samoa,2017,2.5
Samoa,2018,2.5
Sao Tome and Principe,2001,14.9
Sao Tome and Principe,2002,13
Sao Tome and Principe,2003,11.4
Sao Tome and Principe,2004,10
Sao Tome and Principe,2005,9.2
Sao Tome and Principe,2006,9.2
Sao Tome and Principe,2007,10
Sao Tome and Principe,2008,11.3
Sao Tome and Principe,2009,12.9
Sao Tome and Principe,2010,14.3
Sao Tome and Principe,2011,15.2
Sao Tome and Principe,2012,14.2
Sao Tome and Principe,2013,14.1
Sao Tome and Principe,2014,14.4
Sao Tome and Principe,2015,14.5
Sao Tome and Principe,2016,13.4
Sao Tome and Principe,2017,12.1
Sao Tome and Principe,2018,12
Saudi Arabia,2001,5
Saudi Arabia,2002,5.1
Saudi Arabia,2003,5.2
Saudi Arabia,2004,5.1
Saudi Arabia,2005,4.8
Saudi Arabia,2006,4.6
Saudi Arabia,2007,4.9
Saudi Arabia,2008,5.5
Saudi Arabia,2009,5.7
Saudi Arabia,2010,6
Saudi Arabia,2011,5.4
Saudi Arabia,2012,5.5
Saudi Arabia,2013,4.9
Saudi Arabia,2014,4.9
Saudi Arabia,2015,4.7
Saudi Arabia,2016,4.8
Saudi Arabia,2017,4.8
Saudi Arabia,2018,4.8
Senegal,2001,24.2
Senegal,2002,22.9
Senegal,2003,21.2
Senegal,2004,19.2
Senegal,2005,17.4
Senegal,2006,15.8
Senegal,2007,12.9
Senegal,2008,11.1
Senegal,2009,9.9
Senegal,2010,9.8
Senegal,2011,9.6
Senegal,2012,9.2
Senegal,2013,10.1
Senegal,2014,11.2
Senegal,2015,11.4
Senegal,2016,10.3
Senegal,2017,9.6
Senegal,2018,9.4
Serbia,2001,2.5
Serbia,2002,2.5
Serbia,2003,2.5
Serbia,2004,2.5
Serbia,2005,2.5
Serbia,2006,2.5
Serbia,2007,2.5
Serbia,2008,2.5
Serbia,2009,2.5
Serbia,2010,2.5
Serbia,2011,2.6
Serbia,2012,2.7
Serbia,2013,3.2
Serbia,2014,3.6
Serbia,2015,4.1
Serbia,2016,4.1
Serbia,2017,4.3
Serbia,2018,4.6
Sierra Leone,2001,50.7
Sierra Leone,2002,49.9
Sierra Leone,2003,49.4
Sierra Leone,2004,48.9
Sierra Leone,2005,46.7
Sierra Leone,2006,43.8
Sierra Leone,2007,41.8
Sierra Leone,2008,40.3
Sierra Leone,2009,39.4
Sierra Leone,2010,37.5
Sierra Leone,2011,36.1
Sierra Leone,2012,34.6
Sierra Leone,2013,32.1
Sierra Leone,2014,29.8
Sierra Leone,2015,27.8
Sierra Leone,2016,27.3
Sierra Leone,2017,26.8
Sierra Leone,2018,26
Slovakia,2001,6.2
Slovakia,2002,6.2
Slovakia,2003,6.1
Slovakia,2004,5.9
Slovakia,2005,5.5
Slovakia,2006,5.7
Slovakia,2007,5.4
Slovakia,2008,5
Slovakia,2009,4
Slovakia,2010,3.6
Slovakia,2011,3.5
Slovakia,2012,3.5
Slovakia,2013,3.7
Slovakia,2014,5.2
Slovakia,2015,5.8
Slovakia,2016,6.5
Slovakia,2017,5.8
Slovakia,2018,6.1
Slovenia,2001,2.5
Slovenia,2002,2.5
Slovenia,2003,2.5
Slovenia,2004,2.5
Slovenia,2005,2.5
Slovenia,2006,2.5
Slovenia,2007,2.5
Slovenia,2008,2.5
Slovenia,2009,2.5
Slovenia,2010,2.5
Slovenia,2011,2.5
Slovenia,2012,2.5
Slovenia,2013,2.5
Slovenia,2014,2.5
Slovenia,2015,2.5
Slovenia,2016,2.5
Slovenia,2017,2.5
Slovenia,2018,2.5
Small states,2001,11.96137159
Small states,2002,11.76105234
Small states,2003,11.61297233
Small states,2004,11.47325149
Small states,2005,11.60051729
Small states,2006,11.76529844
Small states,2007,12.16837165
Small states,2008,12.49042412
Small states,2009,12.80921819
Small states,2010,12.69637489
Small states,2011,12.33102329
Small states,2012,12.10889844
Small states,2013,12.00688414
Small states,2014,12.14675936
Small states,2015,12.9416046
Small states,2016,13.00400156
Small states,2017,13.30244271
Small states,2018,13.18146161
Solomon Islands,2001,13.1
Solomon Islands,2002,12.5
Solomon Islands,2003,11.5
Solomon Islands,2004,11.2
Solomon Islands,2005,10.6
Solomon Islands,2006,10.4
Solomon Islands,2007,9.9
Solomon Islands,2008,10
Solomon Islands,2009,9.5
Solomon Islands,2010,9.6
Solomon Islands,2011,10.2
Solomon Islands,2012,11.7
Solomon Islands,2013,12.6
Solomon Islands,2014,12.8
Solomon Islands,2015,12.1
Solomon Islands,2016,11.9
Solomon Islands,2017,12.3
Solomon Islands,2018,13.2
South Africa,2001,4
South Africa,2002,3.8
South Africa,2003,3.7
South Africa,2004,3.5
South Africa,2005,3.5
South Africa,2006,3.5
South Africa,2007,3.6
South Africa,2008,3.7
South Africa,2009,3.5
South Africa,2010,3.5
South Africa,2011,3.5
South Africa,2012,3.8
South Africa,2013,4.2
South Africa,2014,4.6
South Africa,2015,5
South Africa,2016,5.3
South Africa,2017,5.5
South Africa,2018,5.7
South Asia,2001,19.13937168
South Asia,2002,20.2968738
South Asia,2003,21.2270673
South Asia,2004,21.28090058
South Asia,2005,20.67454853
South Asia,2006,19.00918769
South Asia,2007,17.20136853
South Asia,2008,16.4020199
South Asia,2009,16.17464559
South Asia,2010,16.10090536
South Asia,2011,16.15376594
South Asia,2012,16.19593244
South Asia,2013,15.74938824
South Asia,2014,15.1483959
South Asia,2015,14.51940994
South Asia,2016,14.16803138
South Asia,2017,13.97704787
South Asia,2018,13.8390813
South Asia (IDA & IBRD),2001,19.13937168
South Asia (IDA & IBRD),2002,20.2968738
South Asia (IDA & IBRD),2003,21.2270673
South Asia (IDA & IBRD),2004,21.28090058
South Asia (IDA & IBRD),2005,20.67454853
South Asia (IDA & IBRD),2006,19.00918769
South Asia (IDA & IBRD),2007,17.20136853
South Asia (IDA & IBRD),2008,16.4020199
South Asia (IDA & IBRD),2009,16.17464559
South Asia (IDA & IBRD),2010,16.10090536
South Asia (IDA & IBRD),2011,16.15376594
South Asia (IDA & IBRD),2012,16.19593244
South Asia (IDA & IBRD),2013,15.74938824
South Asia (IDA & IBRD),2014,15.1483959
South Asia (IDA & IBRD),2015,14.51940994
South Asia (IDA & IBRD),2016,14.16803138
South Asia (IDA & IBRD),2017,13.97704787
South Asia (IDA & IBRD),2018,13.8390813
South Korea,2001,2.5
South Korea,2002,2.6
South Korea,2003,2.7
South Korea,2004,2.7
South Korea,2005,2.5
South Korea,2006,2.5
South Korea,2007,2.5
South Korea,2008,2.5
South Korea,2009,2.5
South Korea,2010,2.5
South Korea,2011,2.5
South Korea,2012,2.5
South Korea,2013,2.5
South Korea,2014,2.5
South Korea,2015,2.5
South Korea,2016,2.5
South Korea,2017,2.5
South Korea,2018,2.5
Spain,2001,2.5
Spain,2002,2.5
Spain,2003,2.5
Spain,2004,2.5
Spain,2005,2.5
Spain,2006,2.5
Spain,2007,2.5
Spain,2008,2.5
Spain,2009,2.5
Spain,2010,2.5
Spain,2011,2.5
Spain,2012,2.5
Spain,2013,2.5
Spain,2014,2.5
Spain,2015,2.5
Spain,2016,2.5
Spain,2017,2.5
Spain,2018,2.5
Sri Lanka,2001,17
Sri Lanka,2002,16.5
Sri Lanka,2003,16.3
Sri Lanka,2004,15.7
Sri Lanka,2005,14.8
Sri Lanka,2006,14.2
Sri Lanka,2007,12.9
Sri Lanka,2008,12
Sri Lanka,2009,11
Sri Lanka,2010,10.4
Sri Lanka,2011,9.7
Sri Lanka,2012,8.9
Sri Lanka,2013,8.8
Sri Lanka,2014,8.8
Sri Lanka,2015,8.7
Sri Lanka,2016,8.3
Sri Lanka,2017,7.8
Sri Lanka,2018,7.6
Sub-Saharan Africa,2001,24.73418663
Sub-Saharan Africa,2002,24.160054
Sub-Saharan Africa,2003,23.68910796
Sub-Saharan Africa,2004,22.67943426
Sub-Saharan Africa,2005,21.51030715
Sub-Saharan Africa,2006,20.56977809
Sub-Saharan Africa,2007,20.10463789
Sub-Saharan Africa,2008,19.67774788
Sub-Saharan Africa,2009,19.1569804
Sub-Saharan Africa,2010,18.6674117
Sub-Saharan Africa,2011,18.28094201
Sub-Saharan Africa,2012,17.90596571
Sub-Saharan Africa,2013,17.39854276
Sub-Saharan Africa,2014,17.11457597
Sub-Saharan Africa,2015,17.04328459
Sub-Saharan Africa,2016,17.34588682
Sub-Saharan Africa,2017,17.36626961
Sub-Saharan Africa,2018,17.52623722
Sub-Saharan Africa (IDA & IBRD),2001,24.73418663
Sub-Saharan Africa (IDA & IBRD),2002,24.160054
Sub-Saharan Africa (IDA & IBRD),2003,23.68910796
Sub-Saharan Africa (IDA & IBRD),2004,22.67943426
Sub-Saharan Africa (IDA & IBRD),2005,21.51030715
Sub-Saharan Africa (IDA & IBRD),2006,20.56977809
Sub-Saharan Africa (IDA & IBRD),2007,20.10463789
Sub-Saharan Africa (IDA & IBRD),2008,19.67774788
Sub-Saharan Africa (IDA & IBRD),2009,19.1569804
Sub-Saharan Africa (IDA & IBRD),2010,18.6674117
Sub-Saharan Africa (IDA & IBRD),2011,18.28094201
Sub-Saharan Africa (IDA & IBRD),2012,17.90596571
Sub-Saharan Africa (IDA & IBRD),2013,17.39854276
Sub-Saharan Africa (IDA & IBRD),2014,17.11457597
Sub-Saharan Africa (IDA & IBRD),2015,17.04328459
Sub-Saharan Africa (IDA & IBRD),2016,17.34588682
Sub-Saharan Africa (IDA & IBRD),2017,17.36626961
Sub-Saharan Africa (IDA & IBRD),2018,17.52623722
Sub-Saharan Africa (excluding high income),2001,24.73418663
Sub-Saharan Africa (excluding high income),2002,24.160054
Sub-Saharan Africa (excluding high income),2003,23.68910796
Sub-Saharan Africa (excluding high income),2004,22.67943426
Sub-Saharan Africa (excluding high income),2005,21.51030715
Sub-Saharan Africa (excluding high income),2006,20.56977809
Sub-Saharan Africa (excluding high income),2007,20.10463789
Sub-Saharan Africa (excluding high income),2008,19.67774788
Sub-Saharan Africa (excluding high income),2009,19.1569804
Sub-Saharan Africa (excluding high income),2010,18.6674117
Sub-Saharan Africa (excluding high income),2011,18.28094201
Sub-Saharan Africa (excluding high income),2012,17.90596571
Sub-Saharan Africa (excluding high income),2013,17.39854276
Sub-Saharan Africa (excluding high income),2014,17.11457597
Sub-Saharan Africa (excluding high income),2015,17.04328459
Sub-Saharan Africa (excluding high income),2016,17.34588682
Sub-Saharan Africa (excluding high income),2017,17.36626961
Sub-Saharan Africa (excluding high income),2018,17.52623722
Sudan,2001,21.7
Sudan,2002,21
Sudan,2003,21.3
Sudan,2004,21.6
Sudan,2005,21.3
Sudan,2006,20.6
Sudan,2007,20.2
Sudan,2008,20.2
Sudan,2009,20.7
Sudan,2010,21.8
Sudan,2011,21.3
Sudan,2012,19.9
Sudan,2013,15.8
Sudan,2014,13.3
Sudan,2015,11.4
Sudan,2016,11.9
Sudan,2017,12.2
Sudan,2018,12.4
Suriname,2001,12
Suriname,2002,11.7
Suriname,2003,11
Suriname,2004,10.5
Suriname,2005,9.9
Suriname,2006,9
Suriname,2007,9
Suriname,2008,8.4
Suriname,2009,7.7
Suriname,2010,7.4
Suriname,2011,7.7
Suriname,2012,8.3
Suriname,2013,7.8
Suriname,2014,7.7
Suriname,2015,7.9
Suriname,2016,8.5
Suriname,2017,8.4
Suriname,2018,8.1
Sweden,2001,2.5
Sweden,2002,2.5
Sweden,2003,2.5
Sweden,2004,2.5
Sweden,2005,2.5
Sweden,2006,2.5
Sweden,2007,2.5
Sweden,2008,2.5
Sweden,2009,2.5
Sweden,2010,2.5
Sweden,2011,2.5
Sweden,2012,2.5
Sweden,2013,2.5
Sweden,2014,2.5
Sweden,2015,2.5
Sweden,2016,2.5
Sweden,2017,2.5
Sweden,2018,2.5
Switzerland,2001,2.5
Switzerland,2002,2.5
Switzerland,2003,2.5
Switzerland,2004,2.5
Switzerland,2005,2.5
Switzerland,2006,2.5
Switzerland,2007,2.5
Switzerland,2008,2.5
Switzerland,2009,2.5
Switzerland,2010,2.5
Switzerland,2011,2.5
Switzerland,2012,2.5
Switzerland,2013,2.5
Switzerland,2014,2.5
Switzerland,2015,2.5
Switzerland,2016,2.5
Switzerland,2017,2.5
Switzerland,2018,2.5
Tanzania,2001,33.1
Tanzania,2002,34.2
Tanzania,2003,33.7
Tanzania,2004,33.8
Tanzania,2005,31.7
Tanzania,2006,30.3
Tanzania,2007,30.6
Tanzania,2008,30.8
Tanzania,2009,32.6
Tanzania,2010,31.6
Tanzania,2011,30.7
Tanzania,2012,29.1
Tanzania,2013,27.9
Tanzania,2014,26.5
Tanzania,2015,24.8
Tanzania,2016,24.4
Tanzania,2017,24.5
Tanzania,2018,25
Thailand,2001,17.4
Thailand,2002,16.4
Thailand,2003,15.1
Thailand,2004,13.7
Thailand,2005,12
Thailand,2006,10.7
Thailand,2007,10.2
Thailand,2008,10.7
Thailand,2009,10.7
Thailand,2010,10.5
Thailand,2011,9.9
Thailand,2012,9.4
Thailand,2013,9.1
Thailand,2014,8.8
Thailand,2015,8.6
Thailand,2016,8.6
Thailand,2017,8.9
Thailand,2018,9.3
Timor,2001,41.6
Timor,2002,36.6
Timor,2003,33.2
Timor,2004,32.6
Timor,2005,32.3
Timor,2006,32
Timor,2007,31.8
Timor,2008,32.5
Timor,2009,32.6
Timor,2010,32.6
Timor,2011,31.2
Timor,2012,31.1
Timor,2013,31
Timor,2014,30.8
Timor,2015,30.3
Timor,2016,30.2
Timor,2017,30.7
Timor,2018,30.9
Togo,2001,31.4
Togo,2002,31.2
Togo,2003,29.9
Togo,2004,28.9
Togo,2005,27.8
Togo,2006,27.3
Togo,2007,26.4
Togo,2008,25.7
Togo,2009,24.8
Togo,2010,24
Togo,2011,23.2
Togo,2012,22.3
Togo,2013,21.4
Togo,2014,21.1
Togo,2015,21.3
Togo,2016,21.3
Togo,2017,21.1
Togo,2018,20.7
Trinidad and Tobago,2001,10.1
Trinidad and Tobago,2002,10.5
Trinidad and Tobago,2003,11.1
Trinidad and Tobago,2004,11.5
Trinidad and Tobago,2005,11.2
Trinidad and Tobago,2006,10.6
Trinidad and Tobago,2007,10
Trinidad and Tobago,2008,9.6
Trinidad and Tobago,2009,9.7
Trinidad and Tobago,2010,9.2
Trinidad and Tobago,2011,8.4
Trinidad and Tobago,2012,7.2
Trinidad and Tobago,2013,6.3
Trinidad and Tobago,2014,6
Trinidad and Tobago,2015,5.9
Trinidad and Tobago,2016,5.9
Trinidad and Tobago,2017,5.7
Trinidad and Tobago,2018,5.5
Tunisia,2001,4.4
Tunisia,2002,4.5
Tunisia,2003,4.5
Tunisia,2004,4.4
Tunisia,2005,4.3
Tunisia,2006,4.3
Tunisia,2007,4.1
Tunisia,2008,3.9
Tunisia,2009,3.7
Tunisia,2010,3.5
Tunisia,2011,3.3
Tunisia,2012,3.2
Tunisia,2013,2.9
Tunisia,2014,2.7
Tunisia,2015,2.5
Tunisia,2016,2.5
Tunisia,2017,2.5
Tunisia,2018,2.5
Turkey,2001,2.5
Turkey,2002,2.5
Turkey,2003,2.5
Turkey,2004,2.5
Turkey,2005,2.5
Turkey,2006,2.5
Turkey,2007,2.5
Turkey,2008,2.5
Turkey,2009,2.5
Turkey,2010,2.5
Turkey,2011,2.5
Turkey,2012,2.5
Turkey,2013,2.5
Turkey,2014,2.5
Turkey,2015,2.5
Turkey,2016,2.5
Turkey,2017,2.5
Turkey,2018,2.5
Turkmenistan,2001,6.9
Turkmenistan,2002,6.3
Turkmenistan,2003,5.3
Turkmenistan,2004,4.6
Turkmenistan,2005,4.3
Turkmenistan,2006,4
Turkmenistan,2007,4
Turkmenistan,2008,4
Turkmenistan,2009,4.4
Turkmenistan,2010,4.6
Turkmenistan,2011,4.9
Turkmenistan,2012,5.1
Turkmenistan,2013,4.7
Turkmenistan,2014,4.2
Turkmenistan,2015,3.6
Turkmenistan,2016,3.7
Turkmenistan,2017,3.8
Turkmenistan,2018,4
Ukraine,2001,3
Ukraine,2002,2.5
Ukraine,2003,2.5
Ukraine,2004,2.5
Ukraine,2005,2.5
Ukraine,2006,2.5
Ukraine,2007,2.5
Ukraine,2008,2.5
Ukraine,2009,2.5
Ukraine,2010,2.5
Ukraine,2011,2.5
Ukraine,2012,2.5
Ukraine,2013,2.5
Ukraine,2014,2.5
Ukraine,2015,2.8
Ukraine,2016,2.5
Ukraine,2017,3.3
Ukraine,2018,3.5
United Arab Emirates,2001,3.4
United Arab Emirates,2002,4.4
United Arab Emirates,2003,5.9
United Arab Emirates,2004,7.7
United Arab Emirates,2005,8.9
United Arab Emirates,2006,9.3
United Arab Emirates,2007,9
United Arab Emirates,2008,8.2
United Arab Emirates,2009,7.5
United Arab Emirates,2010,6.4
United Arab Emirates,2011,5.5
United Arab Emirates,2012,4.5
United Arab Emirates,2013,3.6
United Arab Emirates,2014,3
United Arab Emirates,2015,2.8
United Arab Emirates,2016,2.8
United Arab Emirates,2017,3
United Arab Emirates,2018,3.1
United Kingdom,2001,2.5
United Kingdom,2002,2.5
United Kingdom,2003,2.5
United Kingdom,2004,2.5
United Kingdom,2005,2.5
United Kingdom,2006,2.5
United Kingdom,2007,2.5
United Kingdom,2008,2.5
United Kingdom,2009,2.5
United Kingdom,2010,2.5
United Kingdom,2011,2.5
United Kingdom,2012,2.5
United Kingdom,2013,2.5
United Kingdom,2014,2.5
United Kingdom,2015,2.5
United Kingdom,2016,2.5
United Kingdom,2017,2.5
United Kingdom,2018,2.5
United States,2001,2.5
United States,2002,2.5
United States,2003,2.5
United States,2004,2.5
United States,2005,2.5
United States,2006,2.5
United States,2007,2.5
United States,2008,2.5
United States,2009,2.5
United States,2010,2.5
United States,2011,2.5
United States,2012,2.5
United States,2013,2.5
United States,2014,2.5
United States,2015,2.5
United States,2016,2.5
United States,2017,2.5
United States,2018,2.5
Upper middle income,2001,9.572580467
Upper middle income,2002,9.080721938
Upper middle income,2003,8.622072665
Upper middle income,2004,7.863697487
Upper middle income,2005,7.287210153
Upper middle income,2006,6.665111421
Upper middle income,2007,5.980105434
Upper middle income,2008,5.378660567
Upper middle income,2009,4.763465724
Upper middle income,2010,4.072894818
Upper middle income,2011,3.714996095
Upper middle income,2012,3.660460212
Upper middle income,2013,3.612635213
Upper middle income,2014,3.594614815
Upper middle income,2015,3.632023579
Upper middle income,2016,3.677901453
Upper middle income,2017,3.716820251
Upper middle income,2018,3.757271148
Uruguay,2001,3.7
Uruguay,2002,3.6
Uruguay,2003,3.7
Uruguay,2004,3.9
Uruguay,2005,3.9
Uruguay,2006,3.7
Uruguay,2007,3.1
Uruguay,2008,2.6
Uruguay,2009,2.5
Uruguay,2010,2.5
Uruguay,2011,2.5
Uruguay,2012,2.5
Uruguay,2013,2.5
Uruguay,2014,2.5
Uruguay,2015,2.5
Uruguay,2016,2.5
Uruguay,2017,2.5
Uruguay,2018,2.5
Uzbekistan,2001,18
Uzbekistan,2002,19.4
Uzbekistan,2003,18.8
Uzbekistan,2004,16.9
Uzbekistan,2005,14.9
Uzbekistan,2006,12.7
Uzbekistan,2007,11.6
Uzbekistan,2008,11.3
Uzbekistan,2009,11
Uzbekistan,2010,10.3
Uzbekistan,2011,9.4
Uzbekistan,2012,8.7
Uzbekistan,2013,6.6
Uzbekistan,2014,4.7
Uzbekistan,2015,2.9
Uzbekistan,2016,2.9
Uzbekistan,2017,2.8
Uzbekistan,2018,2.6
Vanuatu,2001,7.5
Vanuatu,2002,7.3
Vanuatu,2003,6.9
Vanuatu,2004,6.6
Vanuatu,2005,6.4
Vanuatu,2006,5.8
Vanuatu,2007,5.4
Vanuatu,2008,5.1
Vanuatu,2009,5.2
Vanuatu,2010,5.3
Vanuatu,2011,5.7
Vanuatu,2012,6
Vanuatu,2013,6.5
Vanuatu,2014,7.1
Vanuatu,2015,8.4
Vanuatu,2016,9.2
Vanuatu,2017,9.7
Vanuatu,2018,9.8
Venezuela,2001,15.1
Venezuela,2002,15.2
Venezuela,2003,14.8
Venezuela,2004,10.1
Venezuela,2005,8.5
Venezuela,2006,7.2
Venezuela,2007,4.9
Venezuela,2008,2.9
Venezuela,2009,2.5
Venezuela,2010,2.5
Venezuela,2011,2.5
Venezuela,2012,3.3
Venezuela,2013,4.7
Venezuela,2014,8.6
Venezuela,2015,14
Venezuela,2016,20.8
Venezuela,2017,27.3
Venezuela,2018,31.4
Vietnam,2001,19.8
Vietnam,2002,18.1
Vietnam,2003,16.4
Vietnam,2004,15.7
Vietnam,2005,15.6
Vietnam,2006,15.4
Vietnam,2007,14.2
Vietnam,2008,12.9
Vietnam,2009,11.9
Vietnam,2010,11.1
Vietnam,2011,10.5
Vietnam,2012,10.1
Vietnam,2013,9.8
Vietnam,2014,9
Vietnam,2015,8.2
Vietnam,2016,7.6
Vietnam,2017,6.9
Vietnam,2018,6.4
World,2001,13.3
World,2002,13.7
World,2003,13.3
World,2004,13.2
World,2005,12.6
World,2006,11.8
World,2007,10.9
World,2008,10.3
World,2009,10.2
World,2010,9.6
World,2011,9.1
World,2012,9.2
World,2013,9
World,2014,8.6
World,2015,8.9
World,2016,8.8
World,2017,8.7
World,2018,8.9
