location,year,ageAtMarriageWomen
Afghanistan,1972,18.1
Afghanistan,2010,21.5
Afghanistan,2015,21.5
Albania,2000,23.9
Albania,2002,22.9
Albania,2005,24.6
Albania,2008,24.6
Albania,2017,24.200001
Algeria,1992,25.9
Algeria,2002,29.5
Algeria,2006,29.700001
Algeria,2012,28.200001
American Samoa,1974,23.299999
American Samoa,1990,25.700001
Angola,2001,20.299999
Angola,2015,21.5
Anguilla,2001,28.6
Antigua and Barbuda,1991,33.200001
Antigua and Barbuda,2001,25.700001
Argentina,1970,23.1
Argentina,1991,23.299999
Argentina,2001,24.6
Argentina,2010,24.6
Armenia,2000,22.200001
Armenia,2005,23
Armenia,2010,24.5
Armenia,2015,24.200001
Aruba,1981,25.5
Aruba,1991,26.200001
Aruba,2000,26.799999
Aruba,2010,28.5
Australia,1990,24.299999
Australia,1991,24.5
Australia,1992,24.700001
Australia,1993,24.799999
Australia,1994,25.1
Australia,1995,25.299999
Australia,1996,25.700001
Australia,1997,25.9
Australia,1998,26.200001
Australia,1999,26.4
Australia,2000,26.700001
Australia,2001,26.9
Australia,2002,27.1
Australia,2003,27.299999
Australia,2004,27.5
Australia,2005,27.6
Australia,2006,27.6
Australia,2007,27.6
Australia,2008,27.700001
Australia,2009,27.700001
Australia,2010,27.9
Australia,2011,28
Australia,2012,28.1
Australia,2013,28.299999
Australia,2014,28.4
Australia,2015,28.5
Australia,2016,28.700001
Australia,2017,28.799999
Austria,1990,25.200001
Austria,1991,25.4
Austria,1992,25.6
Austria,1993,25.799999
Austria,1994,26.1
Austria,1995,26.299999
Austria,1996,26.5
Austria,1997,26.799999
Austria,1998,26.9
Austria,1999,27.299999
Austria,2000,27.4
Austria,2001,27.5
Austria,2002,27.700001
Austria,2003,27.9
Austria,2004,28.200001
Austria,2005,28.6
Austria,2006,29.1
Austria,2007,29.299999
Austria,2008,29.5
Austria,2009,29.9
Austria,2011,30.299999
Austria,2012,30.6
Austria,2017,31.5
Azerbaijan,2012,24.299999
Azerbaijan,2013,24.299999
Azerbaijan,2014,24.299999
Azerbaijan,2015,24.299999
Azerbaijan,2016,24.200001
Azerbaijan,2017,24.200001
Bahamas,1970,22.4
Bahamas,1980,24.799999
Bahamas,1990,27.200001
Bahamas,2000,27.4
Bahamas,2010,27.9
Bahrain,1991,25.6
Bahrain,2001,26.299999
Bahrain,2010,26.9
Bangladesh,1975,16.700001
Bangladesh,1993,18.299999
Bangladesh,1996,18.6
Bangladesh,1999,18.799999
Bangladesh,2004,18.700001
Bangladesh,2006,18.700001
Bangladesh,2007,18.4
Bangladesh,2011,18.6
Bangladesh,2012,19.200001
Bangladesh,2014,18.799999
Barbados,1970,28.5
Barbados,1980,30.4
Barbados,1990,31.799999
Barbados,2010,31.9
Belarus,1979,21.299999
Belarus,1989,21.9
Belarus,1999,22.799999
Belarus,2009,24.6
Belgium,1990,24.4
Belgium,1991,24
Belgium,1992,24.799999
Belgium,1993,25.1
Belgium,1994,25.4
Belgium,1995,25.6
Belgium,1996,25.700001
Belgium,1997,25.9
Belgium,1998,26
Belgium,1999,26.299999
Belgium,2000,26.9
Belgium,2001,26.700001
Belgium,2002,27
Belgium,2003,27.5
Belgium,2004,27.9
Belgium,2005,28.1
Belgium,2006,28.4
Belgium,2007,28.6
Belgium,2008,28.9
Belgium,2009,29.299999
Belgium,2010,29.4
Belgium,2017,31.200001
Belize,1970,22.6
Belize,1980,23.9
Belize,1991,26.200001
Belize,2000,21
Belize,2010,28.6
Benin,1996,19.9
Benin,2001,20.299999
Benin,2006,20.5
Benin,2011,21.299999
Benin,2014,21.200001
Benin,2017,20.700001
Bermuda,1980,25.6
Bermuda,1991,28.9
Bermuda,2000,29.799999
Bermuda,2010,30.6
Bermuda,2016,31.9
Bhutan,2005,21.799999
Bhutan,2017,23.799999
Bolivia,1988,22.200001
Bolivia,1989,22.200001
Bolivia,1993,22
Bolivia,1998,22.799999
Bolivia,2000,22.4
Bolivia,2003,22.6
Bolivia,2008,22.700001
Bolivia,2016,24
Bosnia and Herzegovina,2000,23.6
Bosnia and Herzegovina,2006,24.5
Bosnia and Herzegovina,2011,25.700001
Botswana,1971,24.9
Botswana,1981,26.4
Botswana,1991,26.9
Botswana,2001,26.4
Botswana,2011,24.799999
Brazil,1970,23
Brazil,1980,22.700001
Brazil,1991,22.5
Brazil,2000,23.1
Brazil,2010,23.9
British Virgin Islands,1970,24.299999
British Virgin Islands,1980,26.4
British Virgin Islands,1991,28.4
Brunei,1971,22.4
Brunei,1981,23.6
Brunei,1991,25.1
Brunei,2011,26.1
Bulgaria,1990,21.5
Bulgaria,1991,21.5
Bulgaria,1992,21.700001
Bulgaria,1993,22
Bulgaria,1994,22.4
Bulgaria,1995,22.700001
Bulgaria,1996,23
Bulgaria,1997,23.299999
Bulgaria,1998,23.4
Bulgaria,1999,23.700001
Bulgaria,2000,24.700001
Bulgaria,2001,24.700001
Bulgaria,2002,24.6
Bulgaria,2003,25
Bulgaria,2004,25.299999
Bulgaria,2005,25.6
Bulgaria,2006,25.700001
Bulgaria,2007,25.799999
Bulgaria,2008,25.9
Bulgaria,2009,26.200001
Bulgaria,2010,26.6
Bulgaria,2011,26.6
Bulgaria,2013,26.700001
Bulgaria,2014,26.9
Bulgaria,2015,27
Bulgaria,2016,27.1
Bulgaria,2017,27.299999
Burkina Faso,1984,18.5
Burkina Faso,1991,19
Burkina Faso,1992,18.200001
Burkina Faso,1998,18.9
Burkina Faso,2003,19.4
Burkina Faso,2006,20.299999
Burkina Faso,2010,19.5
Burkina Faso,2017,20
Burundi,1970,21.700001
Burundi,1987,21.799999
Burundi,2000,23.4
Burundi,2002,23.700001
Burundi,2005,21.6
Burundi,2010,22.1
Burundi,2016,22.799999
Cambodia,1998,22.1
Cambodia,2000,22.299999
Cambodia,2004,22.799999
Cambodia,2005,22.6
Cambodia,2010,22
Cambodia,2014,21.6
Cameroon,1991,19.1
Cameroon,1998,20.200001
Cameroon,2000,22.700001
Cameroon,2004,20.1
Cameroon,2006,22.1
Cameroon,2011,21.299999
Cameroon,2014,22.200001
Canada,1990,25.5
Canada,1991,25.799999
Canada,1992,26
Canada,1993,26.200001
Canada,1994,26.299999
Canada,1995,26.5
Canada,1996,26.700001
Canada,1997,26.9
Canada,1998,27
Canada,1999,27.200001
Canada,2000,27.5
Canada,2001,27.700001
Canada,2002,27.799999
Canada,2003,28.200001
Canada,2004,28.5
Canada,2005,28.700001
Canada,2006,28.9
Canada,2007,29
Canada,2008,29.1
Cape Verde,1970,22
Cape Verde,1980,23.6
Cape Verde,1990,25.700001
Cape Verde,2000,24.6
Cayman Islands,1970,19.700001
Cayman Islands,1979,25.5
Cayman Islands,1989,25.200001
Cayman Islands,2010,28
Central African Republic,1994,19.4
Central African Republic,2000,17.9
Central African Republic,2006,17
Central African Republic,2010,17.299999
Chad,1996,18.1
Chad,2000,18.299999
Chad,2004,18.4
Chad,2010,18.200001
Chad,2014,18.799999
Channel Islands,1981,24.6
Channel Islands,1986,26.799999
Channel Islands,1991,28.200001
Channel Islands,2001,29.700001
Chile,1997,24.9
Chile,1998,25.200001
Chile,1999,25.5
Chile,2000,25.6
Chile,2001,25.9
Chile,2002,26.299999
Chile,2003,26.6
Chile,2004,26.799999
Chile,2005,27.299999
Chile,2006,27.4
Chile,2007,27.700001
Chile,2008,28.1
Chile,2009,29
Chile,2010,29.9
Chile,2011,30.200001
Chile,2012,30
Chile,2013,28.5
Chile,2014,29.700001
Chile,2015,30.9
Chile,2016,31.5
China,1995,22.6
China,2005,23.5
China,2013,24.4
China,2015,24.799999
China,2016,25.4
Colombia,1986,23.5
Colombia,1990,23.1
Colombia,1995,22.200001
Colombia,2000,23.1
Colombia,2004,23
Colombia,2009,22.299999
Colombia,2015,22.700001
Comoros,1996,23.6
Comoros,2000,20.799999
Comoros,2012,22.6
Congo,2005,21.9
Congo,2009,21.1
Congo,2011,21.299999
Congo,2014,21.9
Cook Islands,1971,23.1
Cook Islands,1976,24.4
Cook Islands,1981,25.6
Cook Islands,1986,27.700001
Cook Islands,1996,29.6
Cook Islands,2006,28
Costa Rica,2003,23.4
Costa Rica,2006,23.6
Costa Rica,2007,24.1
Costa Rica,2009,24.4
Costa Rica,2010,24.200001
Costa Rica,2013,26.6
Costa Rica,2014,25.700001
Costa Rica,2015,24.9
Costa Rica,2016,25.299999
Costa Rica,2017,25.9
Cote d'Ivoire,1994,20.9
Cote d'Ivoire,1998,21.9
Cote d'Ivoire,2000,22.799999
Cote d'Ivoire,2005,21.700001
Cote d'Ivoire,2006,19.700001
Cote d'Ivoire,2011,22.299999
Cote d'Ivoire,2016,23
Croatia,2001,25.4
Croatia,2002,25.6
Croatia,2003,25.799999
Croatia,2004,26
Croatia,2005,26.200001
Croatia,2006,26.299999
Croatia,2007,26.6
Croatia,2008,26.6
Croatia,2009,26.9
Croatia,2010,27.1
Croatia,2011,27.299999
Croatia,2012,27.299999
Croatia,2013,27.6
Croatia,2014,27.799999
Croatia,2015,27.9
Croatia,2016,28
Croatia,2017,28.200001
Cuba,1970,19.5
Cuba,1981,19.799999
Cuba,2002,21.1
Cuba,2012,21.299999
Cyprus,1990,24.9
Cyprus,1991,24.6
Cyprus,1992,25.4
Cyprus,1993,25.200001
Cyprus,1994,25.799999
Cyprus,1995,25.700001
Cyprus,1996,26
Cyprus,1997,26.200001
Cyprus,1998,26.4
Cyprus,1999,26.4
Cyprus,2000,26.9
Cyprus,2001,27.200001
Cyprus,2002,27.299999
Cyprus,2003,27.799999
Cyprus,2004,27.299999
Cyprus,2005,27.299999
Cyprus,2006,27.700001
Czechia,1990,21.6
Czechia,1991,21.6
Czechia,1992,21.9
Czechia,1993,22.1
Czechia,1994,22.4
Czechia,1995,22.799999
Czechia,1996,23.1
Czechia,1997,23.6
Czechia,1998,23.799999
Czechia,1999,24.200001
Czechia,2000,24.6
Czechia,2001,25
Czechia,2002,25.4
Czechia,2003,25.799999
Czechia,2004,26.1
Czechia,2005,26.4
Czechia,2006,26.799999
Czechia,2007,27
Czechia,2008,27.200001
Czechia,2009,27.6
Czechia,2010,27.9
Czechia,2011,28.1
Czechia,2012,28.299999
Czechia,2013,28.5
Czechia,2014,28.700001
Czechia,2015,28.799999
Czechia,2016,29
Czechia,2017,29.1
Democratic Republic of Congo,1991,19.700001
Democratic Republic of Congo,2001,21
Democratic Republic of Congo,2007,20.799999
Democratic Republic of Congo,2010,20.200001
Democratic Republic of Congo,2013,20.9
Denmark,1990,27.799999
Denmark,1991,28
Denmark,1992,28.299999
Denmark,1993,28.799999
Denmark,1994,29.200001
Denmark,1995,29.200001
Denmark,1996,29.9
Denmark,1997,30.1
Denmark,1998,29.799999
Denmark,1999,30
Denmark,2000,29.9
Denmark,2001,29.9
Denmark,2002,30.1
Denmark,2003,30.6
Denmark,2004,30.9
Denmark,2005,30.9
Denmark,2006,30.9
Denmark,2007,31.299999
Denmark,2008,31.4
Denmark,2009,31.1
Denmark,2010,31.200001
Denmark,2011,31.4
Denmark,2012,31.799999
Denmark,2013,31.9
Denmark,2014,31.9
Denmark,2015,31.9
Denmark,2016,32.200001
Denmark,2017,32.400002
Djibouti,1991,26.799999
Djibouti,2002,27.700001
Djibouti,2006,26.9
Djibouti,2012,29.9
Dominica,1970,29.6
Dominica,1981,30.799999
Dominica,1991,31.6
Dominica,2001,32.5
Dominican Republic,1986,21.5
Dominican Republic,1991,21.799999
Dominican Republic,1996,21.299999
Dominican Republic,1999,21.6
Dominican Republic,2000,21.4
Dominican Republic,2002,21
Dominican Republic,2007,21
Dominican Republic,2013,21
Dominican Republic,2014,21.5
Ecuador,1982,22
Ecuador,1987,22.200001
Ecuador,1989,22.299999
Ecuador,1994,22.799999
Ecuador,1999,22.299999
Ecuador,2004,22.200001
Egypt,1980,21.4
Egypt,1988,22.1
Egypt,1992,22.4
Egypt,1995,22.299999
Egypt,2000,22.700001
Egypt,2003,22.700001
Egypt,2005,23
Egypt,2008,22.700001
Egypt,2014,22
El Salvador,1985,20
El Salvador,1998,21.5
El Salvador,2002,22
El Salvador,2008,21.9
El Salvador,2014,22.6
Equatorial Guinea,2000,21.299999
Equatorial Guinea,2011,20.5
Eritrea,1995,19.5
Eritrea,2002,20.6
Estonia,1992,23
Estonia,1993,23.6
Estonia,1994,24.1
Estonia,1995,24.200001
Estonia,1996,24.200001
Estonia,1997,24.4
Estonia,1998,24.799999
Estonia,1999,25
Estonia,2000,25.200001
Estonia,2001,25.5
Estonia,2002,25.799999
Estonia,2003,25.9
Estonia,2004,26.200001
Estonia,2005,26.4
Estonia,2006,26.6
Estonia,2007,27.1
Estonia,2008,27.4
Estonia,2009,27.799999
Estonia,2010,28
Estonia,2011,28.4
Estonia,2012,28.9
Estonia,2013,28.799999
Estonia,2014,29
Estonia,2015,29.299999
Estonia,2016,29.700001
Eswatini,2000,23.799999
Eswatini,2006,26
Eswatini,2010,26.200001
Eswatini,2014,26.5
Ethiopia,1981,17.6
Ethiopia,1990,19.4
Ethiopia,2000,20.6
Ethiopia,2005,20.9
Ethiopia,2010,21.200001
Ethiopia,2016,21.299999
Faeroe Islands,1991,28.200001
Faeroe Islands,1992,28.299999
Faeroe Islands,2008,30.700001
Faeroe Islands,2013,31
Faeroe Islands,2014,31.700001
Faeroe Islands,2015,30.9
Faeroe Islands,2016,30.799999
Faeroe Islands,2017,30.9
Falkland Islands,2016,29
Fiji,1976,21.700001
Fiji,1986,22.5
Fiji,2007,24.1
Finland,1990,26.299999
Finland,1991,26.299999
Finland,1992,26.6
Finland,1993,26.799999
Finland,1994,26.9
Finland,1995,27.200001
Finland,1997,27.6
Finland,1998,27.799999
Finland,1999,28
Finland,2000,28.299999
Finland,2001,28.4
Finland,2002,28.799999
Finland,2003,29
Finland,2004,29.5
Finland,2005,29.4
Finland,2006,29.5
Finland,2007,29.700001
Finland,2008,30
Finland,2009,30
Finland,2010,30.200001
Finland,2011,30.4
Finland,2012,30.700001
Finland,2013,30.4
Finland,2014,30.6
Finland,2015,31
Finland,2016,31.299999
Finland,2017,31.6
France,1998,28.1
France,1999,28.200001
France,2000,28.4
France,2001,28.5
France,2002,28.700001
France,2003,28.9
France,2004,29.200001
France,2005,29.6
France,2006,29.799999
France,2007,30
France,2008,30.200001
France,2009,30.4
France,2010,30.700001
France,2011,30.799999
France,2013,31.700001
France,2014,32.099998
France,2015,32.200001
French Guiana,1982,27.5
French Guiana,1999,31.700001
French Guiana,2006,32
French Polynesia,1977,25.799999
French Polynesia,1996,29.9
French Polynesia,2007,33.099998
French Polynesia,2012,33.799999
Gabon,2000,22.1
Gabon,2012,22.9
Gambia,2000,20.4
Gambia,2005,21.1
Gambia,2013,21.5
Georgia,1979,22.5
Georgia,1989,22.4
Georgia,2002,23.700001
Georgia,2014,22.799999
Germany,1990,25.5
Germany,1991,25.9
Germany,1992,26.1
Germany,1993,26.4
Germany,1994,26.6
Germany,1995,26.700001
Germany,1996,26.9
Germany,1997,27
Germany,1998,27.200001
Germany,1999,27.5
Germany,2000,27.700001
Germany,2001,28
Germany,2003,28.4
Germany,2004,28.799999
Germany,2005,29.1
Germany,2006,29.1
Germany,2007,29.299999
Germany,2008,29.6
Germany,2009,29.799999
Germany,2011,30.200001
Germany,2013,30.5
Germany,2014,30.700001
Germany,2015,30.9
Germany,2016,31.1
Germany,2017,31.200001
Ghana,1988,20.200001
Ghana,1993,20.5
Ghana,1998,21
Ghana,2003,22.4
Ghana,2006,22.799999
Ghana,2008,23.4
Ghana,2011,23.799999
Ghana,2014,24.5
Ghana,2017,23.700001
Gibraltar,1970,21.5
Gibraltar,1981,21.1
Gibraltar,1991,23.200001
Gibraltar,2001,26.799999
Gibraltar,2012,29.1
Greece,1990,24.9
Greece,1991,25.200001
Greece,1992,25.5
Greece,1993,25.5
Greece,1994,25.799999
Greece,1995,26
Greece,1996,26.299999
Greece,1997,26.6
Greece,1998,26.799999
Greece,1999,26.9
Greece,2000,27.200001
Greece,2001,27.299999
Greece,2002,27.6
Greece,2003,27.9
Greece,2004,28
Greece,2005,28.299999
Greece,2006,28.6
Greece,2007,28.799999
Greece,2008,28.9
Greece,2009,29
Greece,2010,29.299999
Greece,2011,29.4
Greece,2012,29.5
Greece,2013,29.700001
Greece,2014,29.9
Greece,2015,30.1
Greece,2016,30.1
Greece,2017,30.299999
Greenland,1974,25.4
Greenland,1975,25.799999
Greenland,1976,26.5
Greenland,1977,27
Greenland,1978,27.5
Greenland,1979,27.6
Greenland,1980,27.9
Greenland,1981,28.200001
Greenland,1982,28.5
Greenland,1983,29
Greenland,1984,29.4
Greenland,1985,29.6
Greenland,1986,29.9
Greenland,1987,30.299999
Greenland,1988,30.700001
Greenland,1990,31
Greenland,1991,31.1
Greenland,1992,31.200001
Greenland,1997,31.5
Greenland,1998,31.299999
Greenland,1999,31.299999
Greenland,2009,30.9
Greenland,2010,31.200001
Greenland,2011,31.5
Greenland,2012,31.6
Greenland,2013,31.700001
Greenland,2014,32
Greenland,2015,32.299999
Greenland,2016,32.400002
Grenada,1970,28.200001
Grenada,1981,29.4
Grenada,1991,31
Guadeloupe,1982,26.6
Guadeloupe,1999,31.6
Guatemala,1987,20.6
Guatemala,1995,20.5
Guatemala,1998,20.4
Guatemala,2002,21.6
Guatemala,2008,22
Guatemala,2014,22.200001
Guinea,1992,18.9
Guinea,1999,18.700001
Guinea,2005,19.299999
Guinea,2012,20.6
Guinea-Bissau,2000,20.200001
Guinea-Bissau,2006,21.700001
Guinea-Bissau,2010,21.700001
Guinea-Bissau,2014,24.1
Guyana,2000,20.200001
Guyana,2005,22.700001
Guyana,2006,22.5
Guyana,2009,21.5
Guyana,2014,19.200001
Haiti,1977,21.6
Haiti,1994,22.200001
Haiti,2000,22.200001
Haiti,2005,22.200001
Haiti,2012,23.700001
Haiti,2013,26.1
Haiti,2016,24.9
Honduras,1996,20.299999
Honduras,2001,20.4
Honduras,2005,21.299999
Honduras,2011,21.200001
Hong Kong,1971,23.799999
Hong Kong,1981,25.299999
Hong Kong,1986,26.6
Hong Kong,1991,27.700001
Hong Kong,1996,28.6
Hong Kong,2001,29.5
Hong Kong,2006,30.299999
Hong Kong,2011,30.299999
Hong Kong,2016,29.9
Hungary,1990,22
Hungary,1991,22.1
Hungary,1992,22.299999
Hungary,1993,22.5
Hungary,1994,22.799999
Hungary,1995,23.1
Hungary,1996,23.4
Hungary,1997,23.700001
Hungary,1998,24.1
Hungary,1999,24.4
Hungary,2000,24.799999
Hungary,2001,25.200001
Hungary,2002,25.700001
Hungary,2003,26
Hungary,2004,26.4
Hungary,2005,26.700001
Hungary,2006,27
Hungary,2007,27.200001
Hungary,2008,27.5
Hungary,2009,28
Hungary,2010,28.299999
Hungary,2011,28.6
Hungary,2013,29
Hungary,2014,29.299999
Hungary,2015,29.200001
Hungary,2016,29.200001
Hungary,2017,29.4
Iceland,1990,26.9
Iceland,1991,27.200001
Iceland,1992,27.9
Iceland,1993,28
Iceland,1994,28.799999
Iceland,1995,28.799999
Iceland,1996,29.200001
Iceland,1997,30.6
Iceland,1998,30.1
Iceland,1999,30.200001
Iceland,2000,30.6
Iceland,2001,30.200001
Iceland,2002,30.799999
Iceland,2003,31
Iceland,2004,31.4
Iceland,2005,31.5
Iceland,2006,31.799999
Iceland,2007,32.099998
Iceland,2008,32.400002
Iceland,2009,32.099998
Iceland,2010,32.400002
Iceland,2011,32.400002
India,1992,19.200001
India,1998,19.700001
India,2005,20.200001
India,2015,21.4
Indonesia,1976,19.4
Indonesia,1985,21.1
Indonesia,1987,21.700001
Indonesia,1991,21.5
Indonesia,1994,21.799999
Indonesia,1995,22.200001
Indonesia,1997,21.799999
Indonesia,2000,22.5
Indonesia,2002,22.1
Indonesia,2005,23.4
Indonesia,2007,22.299999
Indonesia,2012,21.799999
Indonesia,2017,22.4
Iran,1976,19.700001
Iran,1986,20.200001
Iran,1991,21.1
Iran,1996,22.1
Iran,2006,23.5
Iran,2011,23.5
Iran,2016,23.1
Iraq,2000,25.299999
Iraq,2004,25.299999
Iraq,2006,22.799999
Iraq,2011,22
Iraq,2012,22.700001
Ireland,1990,26.6
Ireland,1991,26.9
Ireland,1992,27.1
Ireland,1993,27.5
Ireland,1994,27.799999
Ireland,1995,28.1
Ireland,1996,28.5
Ireland,2005,30.5
Ireland,2006,30.700001
Ireland,2007,30.9
Ireland,2009,31.200001
Ireland,2010,31.299999
Ireland,2013,31.799999
Ireland,2014,30.700001
Ireland,2015,32
Isle of Man,1981,23.200001
Isle of Man,1991,26.4
Isle of Man,2001,29.299999
Isle of Man,2011,30.700001
Israel,2002,24.200001
Israel,2003,24.299999
Israel,2004,24.5
Israel,2005,24.6
Israel,2006,24.6
Israel,2007,24.799999
Israel,2008,24.700001
Israel,2009,24.799999
Israel,2010,24.799999
Israel,2011,25
Israel,2012,25
Israel,2013,25.1
Israel,2014,25
Israel,2015,25.200001
Israel,2016,24.5
Israel,2017,25.1
Italy,1990,25.9
Italy,1991,26
Italy,1992,26.200001
Italy,1993,26.4
Italy,1994,26.6
Italy,1995,26.9
Italy,1996,27.1
Italy,1997,27.299999
Italy,1998,27
Italy,1999,27.200001
Italy,2000,27.799999
Italy,2001,28.1
Italy,2002,28.4
Italy,2003,28.6
Italy,2004,28.799999
Italy,2005,29.1
Italy,2006,29.299999
Italy,2007,29.6
Italy,2008,29.799999
Italy,2009,30
Italy,2010,30.299999
Italy,2011,30.5
Italy,2013,31.1
Italy,2014,31.299999
Italy,2016,31.9
Italy,2017,32.200001
Jamaica,1970,21.1
Jamaica,1982,32.200001
Jamaica,1991,33.200001
Japan,1990,25.9
Japan,1991,25.9
Japan,1992,26
Japan,1993,26.1
Japan,1994,26.200001
Japan,1995,26.299999
Japan,1996,26.4
Japan,1997,26.6
Japan,1998,26.700001
Japan,1999,26.799999
Japan,2000,27
Japan,2001,27.200001
Japan,2002,27.4
Japan,2003,27.6
Japan,2004,27.799999
Japan,2005,28
Japan,2006,28.200001
Japan,2007,28.299999
Japan,2008,28.5
Japan,2009,28.6
Japan,2010,28.799999
Japan,2011,29
Japan,2012,29.200001
Japan,2013,29.299999
Japan,2014,29.4
Japan,2015,29.4
Japan,2016,29.4
Japan,2017,29.4
Jordan,1976,21.5
Jordan,1990,24.1
Jordan,1997,25.299999
Jordan,2002,25.9
Jordan,2007,25.799999
Jordan,2009,24.700001
Jordan,2012,25
Jordan,2017,24.6
Kazakhstan,1995,21.4
Kazakhstan,1999,21.6
Kazakhstan,2006,23.299999
Kazakhstan,2010,23.1
Kazakhstan,2015,22.4
Kenya,1977,20
Kenya,1984,18.299999
Kenya,1988,21.1
Kenya,1993,21.299999
Kenya,1998,21.700001
Kenya,2000,22.1
Kenya,2003,21.4
Kenya,2008,21.9
Kenya,2014,21.9
Kiribati,1973,20.9
Kiribati,1978,20.799999
Kiribati,1985,21.1
Kiribati,1990,21.5
Kiribati,1995,21.700001
Kiribati,2005,22.200001
Kiribati,2010,21.6
Korea,1990,24.799999
Korea,1991,24.799999
Korea,1992,24.9
Korea,1993,25
Korea,1994,25.1
Korea,1995,25.299999
Korea,1996,25.5
Korea,1997,25.700001
Korea,1998,26
Korea,1999,26.299999
Korea,2000,26.5
Korea,2001,26.799999
Korea,2002,27
Korea,2003,27.299999
Korea,2004,27.5
Korea,2005,27.700001
Korea,2006,27.799999
Korea,2007,28.1
Korea,2008,28.299999
Korea,2009,28.700001
Korea,2010,28.9
Korea,2011,29.1
Korea,2012,29.4
Korea,2013,29.6
Korea,2014,29.799999
Korea,2015,30
Korea,2016,30.1
Korea,2017,30.200001
Kosovo,2011,25.200001
Kuwait,1970,19.6
Kuwait,1975,20.5
Kuwait,1980,21.700001
Kuwait,1985,22.9
Kuwait,1995,27
Kuwait,2005,27.5
Kuwait,2011,25.700001
Kyrgyzstan,1997,20.299999
Kyrgyzstan,2005,22.5
Kyrgyzstan,2012,21.799999
Kyrgyzstan,2014,21.200001
Laos,2000,20.5
Laos,2005,20.5
Laos,2011,20.5
Laos,2017,20.700001
Latvia,2002,25
Latvia,2003,25.1
Latvia,2004,25.299999
Latvia,2005,25.799999
Latvia,2006,26.1
Latvia,2007,26.200001
Latvia,2008,26.5
Latvia,2009,26.9
Latvia,2010,27.1
Latvia,2011,27.299999
Latvia,2012,27.5
Latvia,2013,27.9
Latvia,2014,28.200001
Latvia,2015,28.5
Latvia,2016,28.799999
Latvia,2017,28.9
Lebanon,1997,27.9
Lebanon,2004,27.4
Lebanon,2007,28.299999
Lesotho,1977,19.4
Lesotho,2000,21.700001
Lesotho,2001,23.9
Lesotho,2002,21.9
Lesotho,2004,22.5
Lesotho,2009,22.5
Lesotho,2011,24.4
Lesotho,2014,22.200001
Liberia,1970,19
Liberia,1986,20.200001
Liberia,2006,22.1
Liberia,2013,22.6
Libya,1973,18.700001
Libya,1984,23
Liechtenstein,1981,24.6
Liechtenstein,1982,24.9
Liechtenstein,1983,25
Liechtenstein,1985,25.6
Liechtenstein,1986,25.799999
Liechtenstein,1987,26.1
Liechtenstein,1997,28
Liechtenstein,2000,28.299999
Liechtenstein,2001,28.9
Liechtenstein,2003,28.5
Liechtenstein,2005,28.799999
Liechtenstein,2006,28.9
Liechtenstein,2007,29.299999
Liechtenstein,2008,29.4
Liechtenstein,2009,29.4
Liechtenstein,2010,29.6
Liechtenstein,2011,29.799999
Liechtenstein,2014,29.799999
Liechtenstein,2015,29.9
Liechtenstein,2016,29.9
Liechtenstein,2017,29.9
Lithuania,1990,22.700001
Lithuania,1991,22.5
Lithuania,1992,22.4
Lithuania,1993,22.4
Lithuania,1994,22.5
Lithuania,1995,22.6
Lithuania,1996,22.799999
Lithuania,1997,23
Lithuania,1998,23.1
Lithuania,1999,23.4
Lithuania,2000,23.799999
Lithuania,2001,24.1
Lithuania,2002,24.299999
Lithuania,2003,24.6
Lithuania,2004,24.799999
Lithuania,2005,25
Lithuania,2006,25.1
Lithuania,2007,25.5
Lithuania,2008,25.799999
Lithuania,2009,26.200001
Lithuania,2010,26.5
Lithuania,2011,26.700001
Lithuania,2013,27.1
Lithuania,2014,27.299999
Lithuania,2015,27.5
Lithuania,2016,27.9
Lithuania,2017,27.799999
Luxembourg,1990,25.6
Luxembourg,1991,26.1
Luxembourg,1992,26.200001
Luxembourg,1993,25.799999
Luxembourg,1994,26.4
Luxembourg,1995,26.700001
Luxembourg,1996,26.6
Luxembourg,1997,27.200001
Luxembourg,1998,27.5
Luxembourg,1999,27.700001
Luxembourg,2000,27.4
Luxembourg,2001,27.9
Luxembourg,2002,27.9
Luxembourg,2003,28.200001
Luxembourg,2004,28.5
Luxembourg,2005,28.9
Luxembourg,2006,29.4
Luxembourg,2007,29.5
Luxembourg,2008,29.799999
Luxembourg,2009,29.700001
Luxembourg,2010,30.200001
Luxembourg,2011,30.299999
Luxembourg,2013,29.700001
Luxembourg,2014,30.9
Luxembourg,2015,32.099998
Luxembourg,2016,31.6
Luxembourg,2017,31.6
Macao,1970,25.6
Macao,1981,26.9
Macao,1991,26.4
Macao,2001,27.9
Macao,2006,28
Macao,2011,30.299999
Madagascar,1992,20.799999
Madagascar,1997,20.6
Madagascar,2000,19.799999
Madagascar,2003,19.799999
Madagascar,2008,19
Malawi,1970,19.1
Malawi,1982,18.200001
Malawi,1984,18.1
Malawi,1992,18.700001
Malawi,2000,18.9
Malawi,2004,18.9
Malawi,2006,18.799999
Malawi,2010,19.700001
Malawi,2013,19.799999
Malawi,2015,19.9
Malaysia,1991,24.6
Malaysia,2000,25.1
Malaysia,2010,25.700001
Maldives,1977,17.5
Maldives,1985,17.9
Maldives,1990,19.1
Maldives,1995,18.9
Maldives,2000,21.799999
Maldives,2014,22.5
Mali,1987,16.4
Mali,1995,18.4
Mali,2001,18.5
Mali,2006,17.799999
Mali,2009,19.200001
Mali,2012,18.5
Mali,2015,19.299999
Malta,1990,24.6
Malta,1991,24.9
Malta,1992,25.1
Malta,1993,25
Malta,1994,25.299999
Malta,1995,25.6
Malta,1996,25.6
Malta,2003,26.799999
Malta,2004,27.299999
Malta,2006,27.799999
Malta,2007,28.1
Malta,2008,28.5
Malta,2009,28.700001
Malta,2010,28.6
Malta,2011,29.200001
Marshall Islands,1988,21
Marshall Islands,2011,24.200001
Martinique,1982,28.799999
Martinique,1999,33.299999
Mauritania,1990,23
Mauritania,2000,21.799999
Mauritania,2003,22
Mauritania,2007,21.6
Mauritania,2011,21.6
Mauritania,2015,21.799999
Mauritius,1990,23.799999
Mauritius,2000,22.6
Mauritius,2011,23.9
Mayotte,2002,21.200001
Mayotte,2012,26.1
Mexico,1995,20
Mexico,2009,25.799999
Mexico,2010,26.200001
Mexico,2011,26.299999
Mexico,2012,26.6
Mexico,2013,26.9
Mexico,2014,27.5
Micronesia (country),1985,22.6
Micronesia (country),1986,24.200001
Micronesia (country),2010,25.299999
Moldova,1997,20.799999
Moldova,2000,21.9
Moldova,2005,21.9
Moldova,2012,21.9
Monaco,1975,24.799999
Monaco,1982,26.200001
Monaco,2000,29.200001
Monaco,2008,30.4
Mongolia,1994,23.299999
Mongolia,1996,23.6
Mongolia,1998,22.5
Mongolia,2000,21.9
Mongolia,2003,22.299999
Mongolia,2005,23
Mongolia,2008,22.5
Mongolia,2010,23.4
Mongolia,2013,23
Montenegro,2003,26.200001
Montenegro,2011,27.1
Montserrat,1970,27.5
Montserrat,1980,28.5
Montserrat,2011,31.9
Morocco,1987,24
Morocco,1992,25
Morocco,1995,26.299999
Morocco,1997,28.1
Morocco,2003,26.4
Morocco,2010,26.299999
Mozambique,1997,18.1
Mozambique,2003,18.700001
Mozambique,2008,18.799999
Mozambique,2009,18.299999
Mozambique,2011,18.9
Mozambique,2015,18.9
Myanmar,1991,24.5
Myanmar,1997,26
Myanmar,2000,24.799999
Myanmar,2001,25.799999
Myanmar,2007,26.1
Myanmar,2015,22.9
Namibia,1989,19.4
Namibia,1992,26.4
Namibia,2000,27.5
Namibia,2006,28.299999
Namibia,2013,27.9
Namibia,2016,30.299999
Nauru,2007,20.200001
Nepal,1976,17.1
Nepal,1996,18.6
Nepal,2001,18.9
Nepal,2006,19.4
Nepal,2011,20
Nepal,2014,20.700001
Nepal,2016,20.1
Netherlands,1990,26.1
Netherlands,1991,26.5
Netherlands,1992,26.700001
Netherlands,1993,26.9
Netherlands,1994,27.200001
Netherlands,1995,27.299999
Netherlands,1996,27.4
Netherlands,1997,27.6
Netherlands,1998,27.799999
Netherlands,1999,27.9
Netherlands,2000,28
Netherlands,2001,28.1
Netherlands,2002,28.5
Netherlands,2004,29
Netherlands,2005,29.200001
Netherlands,2006,29.4
Netherlands,2007,29.5
Netherlands,2008,29.799999
Netherlands,2009,29.9
Netherlands,2010,29.799999
Netherlands,2011,30.1
Netherlands,2013,30.299999
Netherlands,2014,30.4
Netherlands,2015,30.799999
Netherlands,2016,31.1
Netherlands,2017,31.4
Netherlands Antilles,1981,26.5
Netherlands Antilles,2001,30.200001
New Caledonia,1976,22.5
New Caledonia,1989,27.799999
New Caledonia,1996,30.4
New Caledonia,2004,31.9
New Caledonia,2014,32.799999
New Zealand,1990,24.5
New Zealand,1991,24.6
New Zealand,1992,24.9
New Zealand,1993,25.200001
New Zealand,1994,25.5
New Zealand,1995,25.799999
New Zealand,1996,26.1
New Zealand,1997,26.5
New Zealand,1998,26.700001
New Zealand,1999,27
New Zealand,2000,27.4
New Zealand,2001,27.5
New Zealand,2002,27.6
New Zealand,2003,27.700001
New Zealand,2004,28.1
New Zealand,2005,28.200001
New Zealand,2006,28.299999
New Zealand,2007,28.200001
New Zealand,2008,28.200001
New Zealand,2009,28.200001
New Zealand,2010,28.200001
New Zealand,2011,28.4
New Zealand,2012,28.5
New Zealand,2013,28.6
New Zealand,2014,28.700001
New Zealand,2015,28.799999
New Zealand,2016,29
New Zealand,2017,29
Nicaragua,1992,19.799999
Nicaragua,1997,20
Nicaragua,1998,20
Nicaragua,2001,20.4
Nicaragua,2006,20.9
Nicaragua,2011,21.1
Niger,1992,17.5
Niger,1998,17.6
Niger,2000,17.700001
Niger,2006,17.700001
Niger,2012,17.200001
Niger,2015,17.200001
Nigeria,1990,19.6
Nigeria,2003,20.9
Nigeria,2007,21.5
Nigeria,2008,21.5
Nigeria,2011,21.700001
Nigeria,2013,21.200001
Niue,1971,25
Niue,1976,25
Niue,1986,23.6
Niue,2006,26.1
Niue,2011,24.6
North Korea,2008,25.5
North Macedonia,1994,22.9
North Macedonia,2011,25.5
Northern Mariana Islands,1990,28.5
Northern Mariana Islands,2010,28.1
Norway,1990,26.4
Norway,1991,26.6
Norway,1992,26.799999
Norway,1993,27
Norway,1994,27.200001
Norway,1995,27.5
Norway,1996,27.9
Norway,1997,28.200001
Norway,1998,28.4
Norway,1999,28.9
Norway,2000,28.4
Norway,2001,28.6
Norway,2002,28.700001
Norway,2006,30.4
Norway,2007,30.6
Norway,2008,31
Norway,2009,30.9
Norway,2010,30.799999
Norway,2011,31.1
Norway,2012,31.4
Norway,2013,31.5
Norway,2014,31.6
Norway,2015,31.9
Norway,2016,31.9
Norway,2017,32.299999
Oman,1993,20.700001
Oman,2003,24.799999
Oman,2010,25.6
Pakistan,1975,19.6
Pakistan,1990,21.4
Pakistan,2000,22.700001
Pakistan,2006,23.1
Pakistan,2012,23.1
Pakistan,2017,23.200001
Palau,2015,28.5
Palestine,1996,21.6
Palestine,2000,21.700001
Palestine,2004,22.4
Palestine,2006,22.9
Palestine,2010,23.200001
Palestine,2014,22.5
Panama,1970,20.4
Panama,1980,21.4
Panama,1990,21.9
Panama,2000,21.9
Panama,2010,21.6
Papua New Guinea,1971,19.4
Papua New Guinea,1980,20.6
Papua New Guinea,1990,20.9
Papua New Guinea,2011,22.6
Paraguay,1972,21.700001
Paraguay,1982,21.799999
Paraguay,1992,21.5
Paraguay,2002,22.700001
Peru,1986,23.1
Peru,1991,23.9
Peru,1996,23.1
Peru,2000,23.6
Peru,2003,24.4
Peru,2007,24.1
Peru,2009,23.200001
Peru,2010,23.1
Peru,2011,23.6
Peru,2012,23.5
Peru,2013,23.4
Peru,2014,23.5
Peru,2015,22.9
Peru,2016,23.299999
Philippines,1978,24.5
Philippines,1993,23.4
Philippines,1998,23.5
Philippines,1999,24.200001
Philippines,2003,23.200001
Philippines,2008,23.299999
Philippines,2013,23.4
Philippines,2017,23.4
Poland,1993,23
Poland,1994,23.200001
Poland,1995,23.299999
Poland,1996,23.4
Poland,1997,23.6
Poland,1998,23.799999
Poland,1999,23.9
Poland,2000,24.1
Poland,2001,24.4
Poland,2002,24.6
Poland,2003,24.9
Poland,2004,25.1
Poland,2005,25.299999
Poland,2006,25.5
Poland,2007,25.6
Poland,2008,25.700001
Poland,2009,25.9
Poland,2010,26.1
Poland,2011,26.200001
Poland,2012,26.299999
Poland,2013,26.6
Poland,2014,26.700001
Poland,2015,26.9
Poland,2016,27.1
Poland,2017,27.299999
Portugal,1991,24
Portugal,1992,24.1
Portugal,1993,24.299999
Portugal,1994,24.4
Portugal,1995,24.5
Portugal,1996,24.700001
Portugal,1997,24.799999
Portugal,1998,24.9
Portugal,1999,25
Portugal,2000,25.200001
Portugal,2001,25.5
Portugal,2002,25.700001
Portugal,2003,25.9
Portugal,2004,26
Portugal,2005,26.299999
Portugal,2006,26.4
Portugal,2007,26.6
Portugal,2008,26.799999
Portugal,2009,27.200001
Portugal,2010,27.700001
Portugal,2011,28
Portugal,2012,28.4
Portugal,2014,29.799999
Portugal,2015,30.200001
Portugal,2016,30.4
Portugal,2017,30.700001
Puerto Rico,1970,22.1
Puerto Rico,1980,22.5
Puerto Rico,1990,23.799999
Puerto Rico,2010,29.200001
Qatar,1986,22.700001
Qatar,1997,25.299999
Qatar,2004,25.799999
Reunion,1974,22.5
Reunion,1982,25.799999
Reunion,1999,30.5
Reunion,2004,31
Romania,1990,22.4
Romania,1991,22.299999
Romania,1992,22.4
Romania,1993,22.5
Romania,1994,22.700001
Romania,1995,23.1
Romania,1996,23.1
Romania,1997,23.200001
Romania,1998,23.4
Romania,1999,23.4
Romania,2000,23.700001
Romania,2001,23.9
Romania,2002,24.1
Romania,2003,24.4
Romania,2004,25
Romania,2005,25.1
Romania,2006,25.200001
Romania,2007,26.200001
Romania,2008,25.6
Romania,2009,25.5
Romania,2010,25.6
Romania,2011,25.799999
Romania,2013,26.299999
Romania,2014,26.700001
Romania,2015,26.799999
Romania,2016,27
Romania,2017,27.5
Russia,1989,21.799999
Russia,2010,24.4
Rwanda,1970,20.1
Rwanda,1981,21.5
Rwanda,1983,21.1
Rwanda,1992,22.700001
Rwanda,1996,23.299999
Rwanda,2000,22.6
Rwanda,2005,23.700001
Rwanda,2007,23.4
Rwanda,2011,24.4
Rwanda,2014,24.299999
Saint Kitts and Nevis,1970,28.9
Saint Kitts and Nevis,1980,31.299999
Saint Lucia,1970,28.700001
Saint Lucia,1980,31.4
Saint Lucia,1991,33.700001
Saint Pierre and Miquelon,1974,21.799999
Saint Pierre and Miquelon,1982,23.9
Saint Pierre and Miquelon,1990,27.4
Saint Pierre and Miquelon,1999,31.1
Saint Vincent and the Grenadines,1970,28.4
Saint Vincent and the Grenadines,1980,28.200001
Saint Vincent and the Grenadines,1991,30.9
Saint Vincent and the Grenadines,2001,21.200001
Saint Vincent and the Grenadines,2012,21.200001
Samoa,1971,22
Samoa,1976,22.1
Samoa,1981,23.200001
Samoa,1986,24.799999
Samoa,1991,24.299999
Samoa,2001,24.299999
Samoa,2006,24.299999
Samoa,2011,23.5
Samoa,2016,23.799999
San Marino,1970,20.6
San Marino,1971,20.700001
San Marino,1972,21.1
San Marino,1973,21.200001
San Marino,1974,21.299999
San Marino,1975,21.4
San Marino,1976,21.700001
San Marino,1977,21.799999
San Marino,1978,22
San Marino,1979,22.4
San Marino,1980,22.799999
San Marino,1981,23.200001
San Marino,1982,23.6
San Marino,1983,23.9
San Marino,1984,24.1
San Marino,1985,24.1
San Marino,1986,24.299999
San Marino,1987,24.6
San Marino,1988,24.9
San Marino,1989,25.1
San Marino,1991,25.700001
San Marino,1992,26
San Marino,1993,26.4
San Marino,1994,26.6
San Marino,1995,26.799999
San Marino,1997,27
San Marino,2003,28.5
San Marino,2005,28.799999
San Marino,2013,30.700001
San Marino,2014,30.700001
San Marino,2017,31.200001
Sao Tome and Principe,2000,19.299999
Sao Tome and Principe,2008,20.4
Sao Tome and Principe,2014,21
Saudi Arabia,1987,21.700001
Saudi Arabia,1996,24
Saudi Arabia,2007,24.9
Saudi Arabia,2016,27.1
Saudi Arabia,2017,26.6
Senegal,1970,18.6
Senegal,1978,17.9
Senegal,1986,19.5
Senegal,1992,20.9
Senegal,1997,21.5
Senegal,1999,21.6
Senegal,2000,21.5
Senegal,2005,21.200001
Senegal,2010,21.6
Senegal,2012,21.799999
Senegal,2014,22
Senegal,2015,22
Senegal,2016,21.799999
Senegal,2017,22.200001
Serbia,2005,25.1
Serbia,2010,26
Serbia,2014,26.6
Seychelles,1971,25.6
Seychelles,1981,22.799999
Seychelles,1987,23.799999
Seychelles,1994,24.799999
Seychelles,2002,25.200001
Sierra Leone,1992,19.799999
Sierra Leone,2000,18.6
Sierra Leone,2005,19.5
Sierra Leone,2008,20.5
Sierra Leone,2010,21
Sierra Leone,2013,21.799999
Sierra Leone,2017,23.1
Singapore,1970,24.200001
Singapore,1980,26.200001
Singapore,1990,27
Singapore,2000,26.5
Singapore,2010,27.9
Sint Maarten (Dutch part),2011,28
Slovakia,1999,23.299999
Slovakia,2000,24.1
Slovakia,2001,24.299999
Slovakia,2002,24.700001
Slovakia,2003,25.1
Slovakia,2004,25.4
Slovakia,2006,26.299999
Slovakia,2007,26.5
Slovakia,2008,26.700001
Slovakia,2009,26.9
Slovakia,2010,27.200001
Slovakia,2012,27.6
Slovakia,2013,27.799999
Slovakia,2014,28.1
Slovakia,2015,28.200001
Slovakia,2016,28.299999
Slovakia,2017,28.6
Slovenia,1990,23.9
Slovenia,1991,24.1
Slovenia,1992,24.4
Slovenia,1993,24.799999
Slovenia,1994,25.1
Slovenia,1995,25.299999
Slovenia,1996,25.6
Slovenia,1997,25.9
Slovenia,1998,26.200001
Slovenia,1999,26.5
Slovenia,2000,27
Slovenia,2001,27.299999
Slovenia,2002,27.700001
Slovenia,2003,27.799999
Slovenia,2004,28.1
Slovenia,2005,28.700001
Slovenia,2006,28.4
Slovenia,2007,28.6
Slovenia,2008,28.6
Slovenia,2009,28.5
Slovenia,2010,29
Slovenia,2011,29.4
Slovenia,2012,29.4
Slovenia,2013,29.6
Slovenia,2014,29.700001
Slovenia,2015,30
Slovenia,2016,30.299999
Slovenia,2017,30.4
Solomon Islands,1970,22.299999
Solomon Islands,1976,21.1
Solomon Islands,1986,21.200001
Solomon Islands,1999,22.6
Solomon Islands,2009,23.299999
Somalia,1980,20.1
Somalia,1982,20.6
Somalia,2006,20.4
South Africa,1980,25.700001
South Africa,1985,26.1
South Africa,1991,26.799999
South Africa,1996,27.9
South Africa,2011,28
South Sudan,1973,18.700001
South Sudan,1983,20.700001
South Sudan,1993,20.5
South Sudan,2008,20.700001
Spain,1990,25.6
Spain,1991,25.9
Spain,1992,26.200001
Spain,1993,26.6
Spain,1994,26.9
Spain,1995,27.1
Spain,1996,27.4
Spain,1997,27.6
Spain,1998,27.799999
Spain,1999,28
Spain,2000,28.1
Spain,2002,28.6
Spain,2003,28.9
Spain,2004,29.200001
Spain,2005,29.4
Spain,2006,29.6
Spain,2007,29.799999
Spain,2008,30.1
Spain,2009,30.5
Spain,2010,30.9
Spain,2011,31.299999
Spain,2012,31.6
Spain,2013,32.200001
Spain,2014,32.299999
Spain,2015,32.700001
Spain,2016,33
Spain,2017,33.200001
Sri Lanka,1971,23.5
Sri Lanka,1981,24.4
Sri Lanka,2001,23.799999
Sri Lanka,2012,23.4
Sudan,1978,21.4
Sudan,1989,24.1
Sudan,2000,15
Sudan,2010,22
Sudan,2014,21.9
Suriname,1999,20.799999
Suriname,2006,22.700001
Suriname,2010,22.799999
Sweden,1990,27.700001
Sweden,1991,27.9
Sweden,1992,28.200001
Sweden,1993,28.299999
Sweden,1994,28.700001
Sweden,1996,29.200001
Sweden,1997,29.5
Sweden,1998,29.700001
Sweden,1999,30.200001
Sweden,2000,30.4
Sweden,2001,30.299999
Sweden,2002,30.6
Sweden,2003,31
Sweden,2004,31.299999
Sweden,2005,31.700001
Sweden,2006,31.5
Sweden,2008,32.299999
Sweden,2009,32.299999
Sweden,2010,32.700001
Sweden,2011,33
Sweden,2012,33.299999
Sweden,2013,33
Sweden,2014,33.299999
Sweden,2015,33.599998
Sweden,2016,33.799999
Sweden,2017,33.799999
Switzerland,1990,27
Switzerland,1991,27.1
Switzerland,1992,27.1
Switzerland,1993,27.200001
Switzerland,1994,27.4
Switzerland,1995,27.5
Switzerland,1997,27.799999
Switzerland,1998,27.9
Switzerland,1999,28
Switzerland,2000,28.200001
Switzerland,2001,28.4
Switzerland,2003,28.700001
Switzerland,2004,29
Switzerland,2005,29.1
Switzerland,2006,29.1
Switzerland,2007,29.299999
Switzerland,2008,29.6
Switzerland,2009,29.6
Switzerland,2010,29.799999
Switzerland,2011,29.9
Switzerland,2012,29.9
Switzerland,2013,30.1
Switzerland,2014,30.1
Switzerland,2015,30.200001
Switzerland,2016,30.4
Switzerland,2017,30.4
Syria,1978,22.200001
Syria,2001,25.4
Syria,2006,25.4
Taiwan,1980,23.799999
Taiwan,1990,25.9
Taiwan,2000,27.6
Tajikistan,2000,21.4
Tajikistan,2005,22.9
Tajikistan,2012,21.9
Tajikistan,2017,20.700001
Tanzania,1973,18.5
Tanzania,1991,20.5
Tanzania,1994,20.5
Tanzania,1996,20.5
Tanzania,1999,20.4
Tanzania,2003,20.700001
Tanzania,2004,20
Tanzania,2007,20.299999
Tanzania,2009,21
Tanzania,2011,20.9
Tanzania,2015,21
Thailand,1970,22
Thailand,1980,22.799999
Thailand,1990,23.5
Thailand,2000,24.1
Thailand,2010,24.9
Timor,2003,21.799999
Timor,2009,23.1
Timor,2016,23
Togo,1988,20.299999
Togo,1998,21.4
Togo,2000,21.1
Togo,2010,22.4
Togo,2013,22.299999
Togo,2017,21.299999
Tokelau,1972,23.6
Tokelau,1976,25.299999
Tokelau,1986,26
Tokelau,1991,25.6
Tokelau,2011,27.9
Tonga,1976,24.299999
Tonga,1986,24.799999
Tonga,1996,25.5
Tonga,2006,25.6
Tonga,2011,24.700001
Tonga,2016,25.299999
Trinidad and Tobago,1970,24
Trinidad and Tobago,1980,25.299999
Trinidad and Tobago,1990,26.799999
Trinidad and Tobago,2000,28.1
Trinidad and Tobago,2011,29.200001
Tunisia,1975,22.6
Tunisia,1984,24.299999
Tunisia,1994,26.6
Tunisia,2004,28.700001
Tunisia,2014,28.200001
Turkey,2003,24.1
Turkey,2006,23.5
Turkey,2007,23.5
Turkey,2008,23.6
Turkey,2009,23.700001
Turkey,2010,23.799999
Turkey,2011,23.9
Turkey,2013,24.200001
Turkey,2014,24.299999
Turkey,2015,24.5
Turkey,2016,24.700001
Turkey,2017,24.799999
Turkmenistan,2000,23.4
Turkmenistan,2006,24.799999
Turkmenistan,2015,23.5
Turks and Caicos Islands,1970,23.4
Turks and Caicos Islands,1980,22.5
Turks and Caicos Islands,2001,25.200001
Tuvalu,1979,25.4
Tuvalu,1991,21.4
Tuvalu,2002,20.700001
Uganda,1988,19
Uganda,1995,18.200001
Uganda,2000,19.6
Uganda,2004,20
Uganda,2006,20.4
Uganda,2011,20
Uganda,2016,20.700001
Ukraine,1999,21.5
Ukraine,2005,23.9
Ukraine,2007,23.1
Ukraine,2012,23
United Arab Emirates,1975,18
United Arab Emirates,2005,25.299999
United Kingdom,1990,25.200001
United Kingdom,1991,25.5
United Kingdom,1992,25.9
United Kingdom,1993,26.200001
United Kingdom,1994,26.5
United Kingdom,1995,26.799999
United Kingdom,1996,27.200001
United Kingdom,1997,27.5
United Kingdom,1998,27.700001
United Kingdom,1999,28
United Kingdom,2000,28.200001
United Kingdom,2001,28.4
United Kingdom,2002,28.700001
United Kingdom,2003,28.9
United Kingdom,2004,29.1
United Kingdom,2005,29.5
United Kingdom,2006,29.700001
United Kingdom,2007,29.799999
United Kingdom,2008,29.9
United Kingdom,2009,29.9
United Kingdom,2010,30
United Kingdom,2011,30.200001
United Kingdom,2012,30.299999
United Kingdom,2013,30.6
United Kingdom,2014,30.799999
United Kingdom,2015,31.200001
United States,1990,23.9
United States,1991,24.1
United States,1992,24.4
United States,1993,24.5
United States,1994,24.5
United States,1995,24.5
United States,1996,24.799999
United States,1997,25
United States,1998,25
United States,1999,25.1
United States,2000,25.1
United States,2001,25.1
United States,2002,25.299999
United States,2003,25.299999
United States,2004,25.299999
United States,2005,25.299999
United States,2006,25.5
United States,2007,25.6
United States,2008,25.9
United States,2009,25.9
United States,2010,26.1
United States,2011,26.4
United States,2012,26.6
United States,2013,26.6
United States,2014,27
United States,2015,27.1
United States,2016,27.4
United States,2017,27.4
United States Virgin Islands,1990,27.5
United States Virgin Islands,2010,30.9
Uruguay,1975,22.5
Uruguay,1985,22.9
Uruguay,1996,23.299999
Uruguay,2011,24
Uzbekistan,1996,20.6
Uzbekistan,2000,21.6
Uzbekistan,2002,21.5
Uzbekistan,2006,22.5
Vanuatu,1979,22
Vanuatu,1989,22.6
Vanuatu,1999,23
Vanuatu,2009,22.5
Venezuela,1971,20.1
Venezuela,1981,21.299999
Venezuela,1990,22.1
Venezuela,2001,22.700001
Venezuela,2011,22.9
Vietnam,1988,23.6
Vietnam,1997,22.200001
Vietnam,2000,22.9
Vietnam,2002,23.200001
Vietnam,2005,23.200001
Vietnam,2006,22.799999
Vietnam,2007,23.299999
Vietnam,2010,22.299999
Vietnam,2011,22.799999
Vietnam,2013,22.4
Vietnam,2015,22.799999
Wallis and Futuna,1976,25.1
Wallis and Futuna,1983,22.9
Wallis and Futuna,1990,23.4
Wallis and Futuna,1996,24.299999
Wallis and Futuna,2003,26.200001
Wallis and Futuna,2013,27.799999
Western Sahara,1970,18
Yemen,1991,20.799999
Yemen,1997,20.700001
Yemen,2003,22.200001
Yemen,2006,22.6
Yemen,2013,22.799999
Zambia,1992,20
Zambia,1996,20.299999
Zambia,1999,22
Zambia,2001,20.5
Zambia,2007,21.1
Zambia,2013,21.799999
Zimbabwe,1987,21.5
Zimbabwe,1988,20.700001
Zimbabwe,1994,21
Zimbabwe,1997,21.5
Zimbabwe,1999,21
Zimbabwe,2005,20.799999
Zimbabwe,2009,20.9
Zimbabwe,2010,20.6
Zimbabwe,2014,20.299999
Zimbabwe,2015,20.200001
Zimbabwe,2017,21.1
