location,year,crudeDivorceRatePer1000
Albania,1960,0.5
Albania,1961,0.80000001
Albania,1962,0.69999999
Albania,1963,0.60000002
Albania,1964,0.60000002
Albania,1965,0.60000002
Albania,1966,0.60000002
Albania,1967,0.69999999
Albania,1968,0.89999998
Albania,1969,0.80000001
Albania,1970,0.80000001
Albania,1971,0.80000001
Albania,1972,0.80000001
Albania,1973,0.80000001
Albania,1974,0.80000001
Albania,1975,0.80000001
Albania,1976,0.80000001
Albania,1977,0.80000001
Albania,1978,0.69999999
Albania,1979,0.69999999
Albania,1980,0.80000001
Albania,1981,0.80000001
Albania,1982,0.80000001
Albania,1983,0.80000001
Albania,1984,0.80000001
Albania,1985,0.80000001
Albania,1986,0.80000001
Albania,1987,0.80000001
Albania,1988,0.80000001
Albania,1989,0.80000001
Albania,1990,0.80000001
Albania,1991,0.69999999
Albania,1992,0.69999999
Albania,1993,0.69999999
Albania,1994,0.69999999
Albania,1995,0.69999999
Albania,1996,0.60000002
Albania,1997,0.40000001
Albania,1998,0.60000002
Albania,1999,0.69999999
Albania,2000,0.69999999
Albania,2001,0.80000001
Albania,2002,1.1
Albania,2003,1.2
Albania,2004,0.89999998
Albania,2005,1.3
Albania,2006,1.3
Albania,2007,1
Albania,2008,1.1
Albania,2014,1.5
Albania,2015,1.3
Albania,2016,1.9
Albania,2017,1.6
Algeria,1963,0.40000001
American Samoa,1970,0.89999998
American Samoa,1987,1.1
American Samoa,1993,0.5
American Samoa,2005,1.3
American Samoa,2006,1.3
Angola,1970,0
Angola,1974,0
Anguilla,1985,0.80000001
Anguilla,2004,1.5
Anguilla,2005,1.6
Antigua and Barbuda,1971,0.80000001
Antigua and Barbuda,1985,0.60000002
Antigua and Barbuda,1995,0.40000001
Armenia,1970,1
Armenia,1985,1.1
Armenia,1995,0.69999999
Armenia,2004,0.60000002
Armenia,2005,0.80000001
Armenia,2006,0.89999998
Armenia,2007,0.89999998
Armenia,2008,0.89999998
Armenia,2009,0.89999998
Armenia,2010,0.89999998
Armenia,2011,1
Armenia,2015,1.2
Armenia,2016,1.2
Aruba,1974,1.9
Aruba,1985,2.8
Aruba,1995,3.0999999
Aruba,2005,4.4000001
Aruba,2006,5.0999999
Australia,1970,1
Australia,1980,2.7
Australia,1981,2.8
Australia,1982,2.9000001
Australia,1983,2.8
Australia,1984,2.8
Australia,1985,2.5
Australia,1986,2.5
Australia,1987,2.4000001
Australia,1988,2.5
Australia,1989,2.5
Australia,1990,2.5
Australia,1991,2.5999999
Australia,1992,2.5999999
Australia,1993,2.7
Australia,1994,2.7
Australia,1995,2.8
Australia,1996,2.9000001
Australia,1997,2.8
Australia,1998,2.7
Australia,1999,2.8
Australia,2000,2.5999999
Australia,2001,2.8
Australia,2002,2.7
Australia,2003,2.7
Australia,2004,2.5999999
Australia,2005,2.5999999
Australia,2006,2.5
Australia,2007,2.3
Australia,2008,2.2
Australia,2009,2.3
Australia,2010,2.3
Australia,2011,2.2
Australia,2012,2.2
Australia,2013,2.0999999
Australia,2014,2
Australia,2015,2
Australia,2016,1.9
Australia,2017,2
Austria,1960,1.1
Austria,1961,1.1
Austria,1962,1.1
Austria,1963,1.1
Austria,1964,1.2
Austria,1965,1.2
Austria,1966,1.2
Austria,1967,1.2
Austria,1968,1.3
Austria,1969,1.3
Austria,1970,1.4
Austria,1971,1.3
Austria,1972,1.3
Austria,1973,1.3
Austria,1974,1.4
Austria,1975,1.4
Austria,1976,1.5
Austria,1977,1.5
Austria,1978,1.6
Austria,1979,1.7
Austria,1980,1.8
Austria,1981,1.8
Austria,1982,1.9
Austria,1983,1.9
Austria,1984,2
Austria,1985,2
Austria,1986,1.9
Austria,1987,1.9
Austria,1988,2
Austria,1989,2
Austria,1990,2.0999999
Austria,1991,2.0999999
Austria,1992,2.0999999
Austria,1993,2.0999999
Austria,1994,2.0999999
Austria,1995,2.3
Austria,1996,2.3
Austria,1997,2.3
Austria,1998,2.2
Austria,1999,2.3
Austria,2000,2.4000001
Austria,2001,2.5999999
Austria,2002,2.5
Austria,2003,2.3
Austria,2004,2.4000001
Austria,2005,2.4000001
Austria,2006,2.5
Austria,2007,2.5
Austria,2008,2.4000001
Austria,2009,2.3
Austria,2010,2.0999999
Austria,2011,2.0999999
Austria,2012,2
Austria,2013,1.9
Austria,2014,1.9
Austria,2015,1.9
Austria,2016,1.8
Austria,2017,1.8
Azerbaijan,1970,1.3
Azerbaijan,1985,1.2
Azerbaijan,1995,0.69999999
Azerbaijan,2004,0.80000001
Azerbaijan,2005,1.1
Azerbaijan,2006,0.89999998
Azerbaijan,2007,1
Azerbaijan,2008,0.89999998
Azerbaijan,2009,0.89999998
Azerbaijan,2010,1
Azerbaijan,2011,1.2
Azerbaijan,2012,1.2
Azerbaijan,2013,1.2
Azerbaijan,2014,1.3
Azerbaijan,2015,1.3
Azerbaijan,2016,1.3
Azerbaijan,2017,1.5
Bahamas,1975,0.5
Bahamas,1985,1.5
Bahamas,1995,1.3
Bahamas,2005,2.0999999
Bahamas,2006,2.0999999
Bahrain,1976,1.3
Bahrain,1985,1.1
Bahrain,1995,1.2
Bahrain,2005,1.5
Bahrain,2006,1.5
Barbados,1970,0.40000001
Barbados,1985,1.2
Barbados,1995,1.5
Belarus,1970,1.9
Belarus,1985,3.0999999
Belarus,1995,4.0999999
Belarus,2004,3
Belarus,2005,3.0999999
Belarus,2006,3.3
Belarus,2007,3.7
Belarus,2008,3.8
Belarus,2009,3.7
Belarus,2010,3.9000001
Belarus,2011,4.0999999
Belarus,2012,4.0999999
Belarus,2013,3.8
Belarus,2014,3.7
Belarus,2015,3.5
Belarus,2016,3.4000001
Belarus,2017,3.4000001
Belgium,1960,0.5
Belgium,1961,0.5
Belgium,1962,0.5
Belgium,1963,0.60000002
Belgium,1964,0.60000002
Belgium,1965,0.60000002
Belgium,1966,0.60000002
Belgium,1967,0.60000002
Belgium,1968,0.60000002
Belgium,1969,0.69999999
Belgium,1970,0.69999999
Belgium,1971,0.69999999
Belgium,1972,0.80000001
Belgium,1973,0.89999998
Belgium,1974,1
Belgium,1975,1.1
Belgium,1976,1.3
Belgium,1977,1.3
Belgium,1978,1.4
Belgium,1979,1.4
Belgium,1980,1.5
Belgium,1981,1.6
Belgium,1982,1.6
Belgium,1983,1.7
Belgium,1984,1.9
Belgium,1985,1.9
Belgium,1986,1.9
Belgium,1987,2
Belgium,1988,2.0999999
Belgium,1989,2
Belgium,1990,2
Belgium,1991,2.0999999
Belgium,1992,2.2
Belgium,1993,2.0999999
Belgium,1994,2.2
Belgium,1995,3.5
Belgium,1996,2.8
Belgium,1997,2.5999999
Belgium,1998,2.5999999
Belgium,1999,2.5999999
Belgium,2000,2.5999999
Belgium,2001,2.8
Belgium,2002,3
Belgium,2003,3
Belgium,2004,3
Belgium,2005,2.9000001
Belgium,2006,2.8
Belgium,2007,2.8
Belgium,2008,3.3
Belgium,2009,3
Belgium,2010,2.7
Belgium,2011,2.5
Belgium,2012,2.3
Belgium,2013,2.2
Belgium,2014,2.2
Belgium,2015,2.2
Belgium,2016,2.0999999
Belgium,2017,2
Belize,1968,0.1
Belize,1985,0.40000001
Belize,1995,0.60000002
Belize,2001,0.1
Belize,2002,0.2
Bermuda,1970,2.7
Bermuda,1985,3.7
Bermuda,1995,3.7
Bermuda,2005,3.4000001
Bermuda,2006,2.8
Bosnia and Herzegovina,1970,0.89999998
Bosnia and Herzegovina,1985,0.69999999
Bosnia and Herzegovina,1997,0.5
Bosnia and Herzegovina,2004,0.40000001
Bosnia and Herzegovina,2005,0.5
Bosnia and Herzegovina,2006,0.40000001
Bosnia and Herzegovina,2007,0.5
Bosnia and Herzegovina,2008,0.40000001
Bosnia and Herzegovina,2009,0.40000001
Bosnia and Herzegovina,2010,0.40000001
Bosnia and Herzegovina,2012,0.60000002
Botswana,2001,6.9000001
Brazil,1985,0.30000001
Brazil,1995,0.60000002
Brazil,2005,0.80000001
Brazil,2006,0.89999998
British Virgin Islands,1971,0.30000001
British Virgin Islands,1985,1.2
British Virgin Islands,1997,1.6
British Virgin Islands,2003,3.5999999
British Virgin Islands,2004,2.8
Brunei,1970,0.40000001
Brunei,1985,0.69999999
Brunei,1996,1.2
Brunei,2003,1
Brunei,2004,1.1
Bulgaria,1961,1.1
Bulgaria,1962,1
Bulgaria,1963,1
Bulgaria,1964,1.1
Bulgaria,1965,1.1
Bulgaria,1966,1
Bulgaria,1967,1.2
Bulgaria,1968,1.2
Bulgaria,1969,1.1
Bulgaria,1970,1.2
Bulgaria,1971,1.1
Bulgaria,1972,1.2
Bulgaria,1973,1.3
Bulgaria,1974,1.3
Bulgaria,1975,1.3
Bulgaria,1976,1.3
Bulgaria,1977,1.5
Bulgaria,1978,1.4
Bulgaria,1979,1.4
Bulgaria,1980,1.5
Bulgaria,1981,1.5
Bulgaria,1982,1.5
Bulgaria,1983,1.6
Bulgaria,1984,1.5
Bulgaria,1985,1.6
Bulgaria,1986,1.1
Bulgaria,1987,1.3
Bulgaria,1988,1.4
Bulgaria,1989,1.4
Bulgaria,1990,1.3
Bulgaria,1991,1.3
Bulgaria,1992,1.1
Bulgaria,1993,0.89999998
Bulgaria,1994,0.89999998
Bulgaria,1995,1.3
Bulgaria,1996,1.2
Bulgaria,1997,1.1
Bulgaria,1998,1.3
Bulgaria,1999,1.2
Bulgaria,2000,1.3
Bulgaria,2001,1.3
Bulgaria,2002,1.3
Bulgaria,2003,1.5
Bulgaria,2004,1.9
Bulgaria,2005,1.9
Bulgaria,2006,2
Bulgaria,2007,2.2
Bulgaria,2008,1.9
Bulgaria,2009,1.6
Bulgaria,2010,1.5
Bulgaria,2011,1.4
Bulgaria,2012,1.6
Bulgaria,2013,1.5
Bulgaria,2014,1.5
Bulgaria,2015,1.5
Bulgaria,2016,1.5
Bulgaria,2017,1.5
Canada,1970,1.4
Canada,1980,2.5
Canada,1981,2.7
Canada,1982,2.8
Canada,1983,2.7
Canada,1984,2.5999999
Canada,1985,2.4000001
Canada,1986,3
Canada,1987,3.5999999
Canada,1988,3.0999999
Canada,1989,3
Canada,1990,2.8
Canada,1991,2.8
Canada,1992,2.8
Canada,1993,2.7
Canada,1994,2.7
Canada,1995,2.7
Canada,1996,2.4000001
Canada,1997,2.3
Canada,1998,2.3
Canada,1999,2.3
Canada,2000,2.3
Canada,2001,2.3
Canada,2002,2.2
Canada,2003,2.2
Canada,2004,2.2
Canada,2005,2.2
Canada,2006,2.3
Canada,2007,2.2
Canada,2008,2.0999999
Cape Verde,1970,0.1
Cayman Islands,1970,2.0999999
Cayman Islands,1989,3
Cayman Islands,1994,2.2
Cayman Islands,2005,3
Cayman Islands,2006,3
Channel Islands,1971,1.5
Channel Islands,1985,2.4000001
Channel Islands,1995,3.0999999
Channel Islands,1999,2.9000001
Channel Islands,2000,3
Chile,1995,0.5
Chile,1996,0.40000001
Chile,1997,0.40000001
Chile,1998,0.40000001
Chile,1999,0.40000001
Chile,2006,0.2
Chile,2007,0.1
Chile,2008,0.1
Chile,2009,0.1
Chile,2010,0.1
China,1978,0.30000001
China,1985,0.40000001
China,1995,0.89999998
China,2005,1.4
China,2006,1.5
Colombia,1993,0.1
Colombia,1994,0.1
Colombia,2006,0.1
Colombia,2007,0.2
Comoros,1964,1.1
Cook Islands,1971,0.69999999
Cook Islands,1976,0.40000001
Costa Rica,1970,0.1
Costa Rica,1987,1.1
Costa Rica,1995,1.5
Costa Rica,2005,2.3
Costa Rica,2006,2.0999999
Costa Rica,2010,2.5
Costa Rica,2012,2.5
Costa Rica,2013,2.8
Costa Rica,2014,2.3
Costa Rica,2015,2.0999999
Costa Rica,2016,2.7
Costa Rica,2017,2.5999999
Cote d'Ivoire,1998,3.4000001
Croatia,1960,1.2
Croatia,1961,1.2
Croatia,1962,1.2
Croatia,1963,1.2
Croatia,1964,1.2
Croatia,1965,1.3
Croatia,1966,1.3
Croatia,1967,1.1
Croatia,1968,1.1
Croatia,1969,1.2
Croatia,1970,1.2
Croatia,1971,1.2
Croatia,1972,1.3
Croatia,1973,1.3
Croatia,1974,1.4
Croatia,1975,1.3
Croatia,1976,1.3
Croatia,1977,1.2
Croatia,1978,1.3
Croatia,1979,1.1
Croatia,1980,1.2
Croatia,1981,1.2
Croatia,1982,1.2
Croatia,1983,1.1
Croatia,1984,1.1
Croatia,1985,1.1
Croatia,1986,1.3
Croatia,1987,1.2
Croatia,1988,1.2
Croatia,1989,1.1
Croatia,1990,1.1
Croatia,1991,1
Croatia,1992,0.80000001
Croatia,1993,1
Croatia,1994,1
Croatia,1995,0.89999998
Croatia,1996,0.80000001
Croatia,1997,0.89999998
Croatia,1998,0.89999998
Croatia,1999,0.80000001
Croatia,2000,1
Croatia,2001,1.1
Croatia,2002,1
Croatia,2003,1.1
Croatia,2004,1.2
Croatia,2005,1.1
Croatia,2006,1.1
Croatia,2007,1.1
Croatia,2008,1.2
Croatia,2009,1.2
Croatia,2010,1.2
Croatia,2011,1.3
Croatia,2012,1.3
Croatia,2013,1.4
Croatia,2014,1.4
Croatia,2015,1.4
Croatia,2016,1.7
Croatia,2017,1.5
Cuba,1970,2.9000001
Cuba,1985,2.9000001
Cuba,1995,3.7
Cuba,2005,3.0999999
Cuba,2006,3.2
Cyprus,1964,0.2
Cyprus,1965,0.2
Cyprus,1966,0.2
Cyprus,1967,0.2
Cyprus,1968,0.2
Cyprus,1969,0.2
Cyprus,1970,0.2
Cyprus,1971,0.30000001
Cyprus,1972,0.2
Cyprus,1973,0.2
Cyprus,1974,0.2
Cyprus,1975,0.2
Cyprus,1976,0.2
Cyprus,1977,0.30000001
Cyprus,1978,0.30000001
Cyprus,1979,0.30000001
Cyprus,1980,0.30000001
Cyprus,1981,0.30000001
Cyprus,1982,0.40000001
Cyprus,1983,0.5
Cyprus,1984,0.5
Cyprus,1985,0.5
Cyprus,1986,0.5
Cyprus,1987,0.60000002
Cyprus,1988,0.60000002
Cyprus,1989,0.60000002
Cyprus,1990,0.60000002
Cyprus,1991,0.5
Cyprus,1992,0.69999999
Cyprus,1993,0.80000001
Cyprus,1994,0.89999998
Cyprus,1995,1.2
Cyprus,1996,1.1
Cyprus,1997,1.3
Cyprus,1998,1.3
Cyprus,1999,1.7
Cyprus,2000,1.7
Cyprus,2001,1.7
Cyprus,2002,1.9
Cyprus,2003,2
Cyprus,2004,2.2
Cyprus,2005,2
Cyprus,2006,2.3
Cyprus,2007,2.0999999
Cyprus,2008,2.0999999
Cyprus,2009,2.2
Cyprus,2010,2.3
Cyprus,2011,2.3
Cyprus,2012,2.4000001
Cyprus,2013,2.2
Cyprus,2014,2.2
Cyprus,2015,2.0999999
Cyprus,2016,2.3
Cyprus,2017,2.2
Czechia,1960,1.4
Czechia,1961,1.5
Czechia,1962,1.5
Czechia,1963,1.5
Czechia,1964,1.5
Czechia,1965,1.7
Czechia,1966,1.8
Czechia,1967,1.8
Czechia,1968,1.9
Czechia,1969,2.0999999
Czechia,1970,2.2
Czechia,1971,2.4000001
Czechia,1972,2.3
Czechia,1973,2.5
Czechia,1974,2.5
Czechia,1975,2.5999999
Czechia,1976,2.5
Czechia,1977,2.5
Czechia,1978,2.5999999
Czechia,1979,2.5
Czechia,1980,2.5999999
Czechia,1981,2.7
Czechia,1982,2.7
Czechia,1983,2.8
Czechia,1984,3
Czechia,1985,2.9000001
Czechia,1986,2.9000001
Czechia,1987,3
Czechia,1988,3
Czechia,1989,3
Czechia,1990,3.0999999
Czechia,1991,2.8
Czechia,1992,2.8
Czechia,1993,2.9000001
Czechia,1994,3
Czechia,1995,3
Czechia,1996,3.2
Czechia,1997,3.2
Czechia,1998,3.0999999
Czechia,1999,2.3
Czechia,2000,2.9000001
Czechia,2001,3.0999999
Czechia,2002,3.0999999
Czechia,2003,3.8
Czechia,2004,3.2
Czechia,2005,3.0999999
Czechia,2006,3.0999999
Czechia,2007,3
Czechia,2008,3
Czechia,2009,2.8
Czechia,2010,2.9000001
Czechia,2011,2.7
Czechia,2012,2.5
Czechia,2013,2.7
Czechia,2014,2.5
Czechia,2015,2.5
Czechia,2016,2.4000001
Czechia,2017,2.4000001
Denmark,1960,1.5
Denmark,1961,1.4
Denmark,1962,1.4
Denmark,1963,1.4
Denmark,1964,1.4
Denmark,1965,1.4
Denmark,1966,1.4
Denmark,1967,1.4
Denmark,1968,1.6
Denmark,1969,1.8
Denmark,1970,1.9
Denmark,1971,2.7
Denmark,1972,2.5999999
Denmark,1973,2.5
Denmark,1974,2.5999999
Denmark,1975,2.5999999
Denmark,1976,2.5999999
Denmark,1977,2.5999999
Denmark,1978,2.5999999
Denmark,1979,2.5
Denmark,1980,2.7
Denmark,1981,2.8
Denmark,1982,2.9000001
Denmark,1983,2.9000001
Denmark,1984,2.8
Denmark,1985,2.8
Denmark,1986,2.8
Denmark,1987,2.8
Denmark,1988,2.9000001
Denmark,1989,3
Denmark,1990,2.7
Denmark,1991,2.5
Denmark,1992,2.5
Denmark,1993,2.5
Denmark,1994,2.5999999
Denmark,1995,2.5
Denmark,1996,2.4000001
Denmark,1997,2.4000001
Denmark,1998,2.5
Denmark,1999,2.5
Denmark,2000,2.7
Denmark,2001,2.7
Denmark,2002,2.8
Denmark,2003,2.9000001
Denmark,2004,2.9000001
Denmark,2005,2.8
Denmark,2006,2.5999999
Denmark,2007,2.5999999
Denmark,2008,2.7
Denmark,2009,2.7
Denmark,2010,2.5999999
Denmark,2011,2.5999999
Denmark,2012,2.8
Denmark,2013,3.4000001
Denmark,2014,3.4000001
Denmark,2015,2.9000001
Denmark,2016,3
Denmark,2017,2.5999999
Djibouti,1970,4.0999999
Djibouti,1998,1.9
Djibouti,1999,1.7
Dominica,1987,0.40000001
Dominica,1995,0.69999999
Dominica,1998,1
Dominica,1999,0.80000001
Dominican Republic,1970,0.89999998
Dominican Republic,1985,1.2
Dominican Republic,1998,0.89999998
Dominican Republic,2004,1.9
Dominican Republic,2005,1.8
Ecuador,1970,0.2
Ecuador,1985,0.40000001
Ecuador,1995,0.60000002
Ecuador,2005,0.89999998
Ecuador,2006,1.1
Egypt,1970,2
Egypt,1985,1.6
Egypt,1995,1.1
Egypt,2005,0.89999998
Egypt,2006,0.89999998
El Salvador,1970,0.2
El Salvador,1985,0.40000001
El Salvador,1995,0.40000001
El Salvador,2005,0.69999999
El Salvador,2006,0.80000001
Estonia,1960,2.0999999
Estonia,1961,2.0999999
Estonia,1962,2
Estonia,1963,2.2
Estonia,1964,2.5
Estonia,1965,2.3
Estonia,1966,3.2
Estonia,1967,3.2
Estonia,1968,3.0999999
Estonia,1969,3.3
Estonia,1970,3.2
Estonia,1971,3.2
Estonia,1972,3.3
Estonia,1973,3.2
Estonia,1974,3.3
Estonia,1975,3.4000001
Estonia,1976,3.5999999
Estonia,1977,3.9000001
Estonia,1978,3.8
Estonia,1979,4.0999999
Estonia,1980,4.0999999
Estonia,1981,4.0999999
Estonia,1982,3.9000001
Estonia,1983,4.1999998
Estonia,1984,4.0999999
Estonia,1985,4
Estonia,1986,3.9000001
Estonia,1987,3.9000001
Estonia,1988,3.8
Estonia,1989,3.8
Estonia,1990,3.7
Estonia,1991,3.7
Estonia,1992,4.3000002
Estonia,1993,3.9000001
Estonia,1994,3.8
Estonia,1995,5.1999998
Estonia,1996,4
Estonia,1997,3.8
Estonia,1998,3.2
Estonia,1999,3.3
Estonia,2000,3
Estonia,2001,3.0999999
Estonia,2002,3
Estonia,2003,2.9000001
Estonia,2004,3.0999999
Estonia,2005,3
Estonia,2006,2.8
Estonia,2007,2.8
Estonia,2008,2.5999999
Estonia,2009,2.4000001
Estonia,2010,2.2
Estonia,2011,2.3
Estonia,2012,2.4000001
Estonia,2013,2.5
Estonia,2014,2.4000001
Estonia,2015,2.5999999
Estonia,2016,2.5
Estonia,2017,2.5
Eswatini,1964,0
Ethiopia,1999,2.4000001
European Union (28 countries),1965,0.80000001
European Union (28 countries),1966,0.80000001
European Union (28 countries),1968,0.80000001
European Union (28 countries),1969,0.80000001
European Union (28 countries),1970,0.89999998
European Union (28 countries),1971,1
European Union (28 countries),1972,1.2
European Union (28 countries),1973,1.2
European Union (28 countries),1974,1.3
European Union (28 countries),1975,1.4
European Union (28 countries),1976,1.4
European Union (28 countries),1977,1.3
European Union (28 countries),1978,1.3
European Union (28 countries),1979,1.4
European Union (28 countries),1980,1.5
European Union (28 countries),1981,1.5
European Union (28 countries),1982,1.6
European Union (28 countries),1983,1.7
European Union (28 countries),1984,1.7
European Union (28 countries),1985,1.7
European Union (28 countries),1986,1.7
European Union (28 countries),1987,1.7
European Union (28 countries),1988,1.7
European Union (28 countries),1989,1.7
European Union (28 countries),1990,1.6
European Union (28 countries),1991,1.6
European Union (28 countries),1992,1.6
European Union (28 countries),1993,1.6
European Union (28 countries),1994,1.7
European Union (28 countries),1995,1.8
European Union (28 countries),1996,1.8
European Union (28 countries),1997,1.8
European Union (28 countries),1998,1.8
European Union (28 countries),1999,1.8
European Union (28 countries),2000,1.8
European Union (28 countries),2001,1.8
European Union (28 countries),2002,1.9
European Union (28 countries),2003,2
European Union (28 countries),2004,2
European Union (28 countries),2005,2.0999999
European Union (28 countries),2006,2.0999999
European Union (28 countries),2007,2.0999999
European Union (28 countries),2008,2
European Union (28 countries),2009,1.9
European Union (28 countries),2010,2
European Union (28 countries),2011,2
European Union (28 countries),2012,1.9
European Union (28 countries),2013,1.9
European Union (28 countries),2014,1.8
European Union (28 countries),2015,1.9
Faeroe Islands,1970,0.40000001
Faeroe Islands,1985,0.69999999
Faeroe Islands,1996,0.69999999
Faeroe Islands,2005,1.4
Faeroe Islands,2006,1.3
Falkland Islands,1971,3.5
Falkland Islands,1988,2.0999999
Fiji,1970,0.5
Fiji,1979,0.69999999
Finland,1960,0.80000001
Finland,1961,0.89999998
Finland,1962,0.89999998
Finland,1963,0.89999998
Finland,1964,1
Finland,1965,1
Finland,1966,1.1
Finland,1967,1.1
Finland,1968,1.2
Finland,1969,1.3
Finland,1970,1.3
Finland,1971,1.6
Finland,1972,1.8
Finland,1973,1.9
Finland,1974,2.0999999
Finland,1975,2
Finland,1976,2.0999999
Finland,1977,2.0999999
Finland,1978,2.2
Finland,1979,2.0999999
Finland,1980,2
Finland,1981,2
Finland,1982,2
Finland,1983,2
Finland,1984,2
Finland,1985,1.8
Finland,1986,2
Finland,1987,2
Finland,1988,2.5
Finland,1989,2.9000001
Finland,1990,2.5999999
Finland,1991,2.5999999
Finland,1992,2.5999999
Finland,1993,2.5
Finland,1994,2.7
Finland,1995,2.7
Finland,1996,2.7
Finland,1997,2.5999999
Finland,1998,2.7
Finland,1999,2.7
Finland,2000,2.7
Finland,2001,2.5999999
Finland,2002,2.5999999
Finland,2003,2.5999999
Finland,2004,2.5
Finland,2005,2.5999999
Finland,2006,2.5
Finland,2007,2.5
Finland,2008,2.5
Finland,2009,2.5
Finland,2010,2.5
Finland,2011,2.5
Finland,2012,2.4000001
Finland,2013,2.5
Finland,2014,2.5
Finland,2015,2.5
Finland,2016,2.5
Finland,2017,2.4000001
France,1970,0.80000001
France,1985,2
France,1995,2.0999999
France,1996,2
France,1997,2
France,1998,2
France,1999,2
France,2000,1.9
France,2001,1.9
France,2002,1.9
France,2003,2.0999999
France,2004,2.2
France,2005,2.5
France,2006,2.2
France,2007,2.0999999
France,2008,2.0999999
France,2009,2
France,2010,2.0999999
France,2011,2
France,2012,2
France,2013,1.9
France,2014,1.9
France,2015,1.9
France,2016,1.9
France (metropolitan),1960,0.69999999
France (metropolitan),1961,0.69999999
France (metropolitan),1962,0.69999999
France (metropolitan),1963,0.60000002
France (metropolitan),1964,0.69999999
France (metropolitan),1965,0.69999999
France (metropolitan),1966,0.69999999
France (metropolitan),1967,0.80000001
France (metropolitan),1968,0.69999999
France (metropolitan),1969,0.69999999
France (metropolitan),1970,0.80000001
France (metropolitan),1971,0.89999998
France (metropolitan),1972,1
France (metropolitan),1973,1
France (metropolitan),1974,1.1
France (metropolitan),1975,1.2
France (metropolitan),1976,1.1
France (metropolitan),1977,1.4
France (metropolitan),1978,1.5
France (metropolitan),1979,1.5
France (metropolitan),1980,1.5
France (metropolitan),1981,1.6
France (metropolitan),1982,1.7
France (metropolitan),1983,1.8
France (metropolitan),1984,1.9
France (metropolitan),1985,1.9
France (metropolitan),1986,2
France (metropolitan),1987,1.9
France (metropolitan),1988,1.9
France (metropolitan),1989,1.9
France (metropolitan),1990,1.9
France (metropolitan),1991,1.9
France (metropolitan),1992,1.9
France (metropolitan),1993,1.9
France (metropolitan),1994,2
France (metropolitan),1995,2.0999999
France (metropolitan),1996,2
France (metropolitan),1997,2
France (metropolitan),1998,2
France (metropolitan),1999,2
France (metropolitan),2000,1.9
France (metropolitan),2001,1.9
France (metropolitan),2002,1.9
France (metropolitan),2003,2.0999999
France (metropolitan),2004,2.2
France (metropolitan),2005,2.5
France (metropolitan),2006,2.2
France (metropolitan),2007,2.0999999
France (metropolitan),2008,2.0999999
France (metropolitan),2010,2.0999999
France (metropolitan),2011,2.0999999
French Guiana,1970,0.2
French Guiana,1985,0.60000002
French Guiana,1995,0.69999999
French Guiana,2004,1.2
French Guiana,2005,1.3
French Polynesia,1969,1.2
Georgia,1970,1
Georgia,1985,1.2
Georgia,1995,0.5
Georgia,2004,0.40000001
Georgia,2005,0.40000001
Georgia,2006,0.5
Georgia,2007,0.5
Georgia,2008,0.69999999
Georgia,2009,0.89999998
Georgia,2010,1.1
Georgia,2011,1.3
Georgia,2015,2.4000001
Georgia,2016,2.5999999
Georgia,2017,2.7
Germany,1960,1
Germany,1961,1
Germany,1962,1
Germany,1963,1
Germany,1964,1.1
Germany,1965,1.1
Germany,1966,1.1
Germany,1967,1.2
Germany,1968,1.2
Germany,1969,1.3
Germany,1970,1.3
Germany,1971,1.4
Germany,1972,1.5
Germany,1973,1.6
Germany,1974,1.8
Germany,1975,1.9
Germany,1976,2
Germany,1977,1.5
Germany,1978,1
Germany,1979,1.6
Germany,1980,1.8
Germany,1981,2
Germany,1982,2.0999999
Germany,1983,2.2
Germany,1984,2.3
Germany,1985,2.3
Germany,1986,2.3
Germany,1987,2.3
Germany,1988,2.3
Germany,1989,2.2
Germany,1990,1.9
Germany,1991,1.7
Germany,1992,1.7
Germany,1993,1.9
Germany,1994,2
Germany,1995,2.0999999
Germany,1996,2.0999999
Germany,1997,2.3
Germany,1998,2.3
Germany,1999,2.3
Germany,2000,2.4000001
Germany,2001,2.4000001
Germany,2002,2.5
Germany,2003,2.5999999
Germany,2004,2.5999999
Germany,2005,2.4000001
Germany,2006,2.3
Germany,2007,2.3
Germany,2008,2.3
Germany,2009,2.3
Germany,2010,2.3
Germany,2011,2.3
Germany,2012,2.2
Germany,2013,2.0999999
Germany,2014,2.0999999
Germany,2015,2
Germany,2016,2
Germany,2017,1.9
Gibraltar,1970,0.2
Gibraltar,1981,3.5
Gibraltar,1999,3.3
Gibraltar,2005,3.4000001
Gibraltar,2006,4.1999998
Greece,1960,0.30000001
Greece,1961,0.30000001
Greece,1962,0.40000001
Greece,1963,0.40000001
Greece,1964,0.40000001
Greece,1965,0.40000001
Greece,1966,0.40000001
Greece,1967,0.40000001
Greece,1968,0.40000001
Greece,1969,0.40000001
Greece,1970,0.40000001
Greece,1971,0.40000001
Greece,1972,0.40000001
Greece,1973,0.5
Greece,1974,0.40000001
Greece,1975,0.40000001
Greece,1976,0.40000001
Greece,1977,0.5
Greece,1978,0.5
Greece,1979,0.5
Greece,1980,0.69999999
Greece,1981,0.69999999
Greece,1982,0.60000002
Greece,1983,0.60000002
Greece,1984,0.89999998
Greece,1985,0.80000001
Greece,1986,0.89999998
Greece,1987,0.89999998
Greece,1988,0.80000001
Greece,1989,0.60000002
Greece,1990,0.60000002
Greece,1991,0.60000002
Greece,1992,0.60000002
Greece,1993,0.69999999
Greece,1994,0.69999999
Greece,1995,1
Greece,1996,0.89999998
Greece,1997,0.89999998
Greece,1998,0.69999999
Greece,1999,0.89999998
Greece,2000,1
Greece,2001,1
Greece,2002,1
Greece,2003,1.1
Greece,2004,1.1
Greece,2005,1.2
Greece,2006,1.2
Greece,2007,1.2
Greece,2008,1.2
Greece,2009,1.2
Greece,2010,1.2
Greece,2011,1.1
Greece,2012,1.3
Greece,2013,1.5
Greece,2014,1.3
Greece,2015,1.4
Greece,2016,1
Greece,2017,1.8
Greenland,1973,0.69999999
Greenland,1985,2.7
Greenland,1993,2
Greenland,1996,0.89999998
Grenada,1974,0.1
Grenada,1997,1.3
Grenada,2000,1
Grenada,2001,1.1
Guadeloupe,1970,0.40000001
Guadeloupe,1985,1.1
Guadeloupe,1997,1.4
Guadeloupe,2004,1.7
Guadeloupe,2005,2.0999999
Guam,1970,1
Guam,1985,7.4000001
Guam,1995,5.8000002
Guam,2003,5.3000002
Guam,2004,11.9
Guatemala,1970,0.1
Guatemala,1985,0.2
Guatemala,1995,0.1
Guatemala,2005,0.2
Guatemala,2006,0.1
Guinea-Bissau,1970,0
Guyana,1965,0.69999999
Honduras,1970,0.2
Honduras,1985,0.2
Honduras,1987,0.30000001
Hong Kong,1985,0.80000001
Hong Kong,1995,1.5
Hong Kong,2005,2.2
Hong Kong,2006,2.5
Hungary,1960,1.7
Hungary,1961,1.7
Hungary,1962,1.7
Hungary,1963,1.8
Hungary,1964,1.9
Hungary,1965,2
Hungary,1966,2
Hungary,1967,2.0999999
Hungary,1968,2.0999999
Hungary,1969,2.0999999
Hungary,1970,2.2
Hungary,1971,2.3
Hungary,1972,2.3
Hungary,1973,2.4000001
Hungary,1974,2.3
Hungary,1975,2.5
Hungary,1976,2.5999999
Hungary,1977,2.5999999
Hungary,1978,2.7
Hungary,1979,2.5999999
Hungary,1980,2.5999999
Hungary,1981,2.5999999
Hungary,1982,2.7
Hungary,1983,2.7
Hungary,1984,2.7
Hungary,1985,2.8
Hungary,1986,2.8
Hungary,1987,2.8
Hungary,1988,2.3
Hungary,1989,2.4000001
Hungary,1990,2.4000001
Hungary,1991,2.4000001
Hungary,1992,2.0999999
Hungary,1993,2.2
Hungary,1994,2.3
Hungary,1995,2.4000001
Hungary,1996,2.2
Hungary,1997,2.4000001
Hungary,1998,2.5
Hungary,1999,2.5
Hungary,2000,2.3
Hungary,2001,2.4000001
Hungary,2002,2.5
Hungary,2003,2.5
Hungary,2004,2.4000001
Hungary,2005,2.5
Hungary,2006,2.5
Hungary,2007,2.5
Hungary,2008,2.5
Hungary,2009,2.4000001
Hungary,2010,2.4000001
Hungary,2011,2.3
Hungary,2012,2.2
Hungary,2013,2
Hungary,2014,2
Hungary,2015,2.0999999
Hungary,2016,2
Hungary,2017,1.9
Iceland,1960,0.69999999
Iceland,1961,0.89999998
Iceland,1962,0.69999999
Iceland,1963,1.1
Iceland,1964,0.89999998
Iceland,1965,0.89999998
Iceland,1966,1
Iceland,1967,0.89999998
Iceland,1968,1
Iceland,1969,1.3
Iceland,1970,1.2
Iceland,1971,1.5
Iceland,1972,1.5
Iceland,1973,1.6
Iceland,1974,1.7
Iceland,1975,1.8
Iceland,1976,1.7
Iceland,1977,1.8
Iceland,1978,1.8
Iceland,1979,1.7
Iceland,1980,1.9
Iceland,1981,2
Iceland,1982,1.8
Iceland,1983,2.0999999
Iceland,1984,1.9
Iceland,1985,2.2
Iceland,1986,2
Iceland,1987,1.9
Iceland,1988,1.8
Iceland,1989,2.0999999
Iceland,1990,1.9
Iceland,1991,2.0999999
Iceland,1992,2
Iceland,1993,2
Iceland,1994,1.8
Iceland,1995,1.8
Iceland,1996,2
Iceland,1997,1.9
Iceland,1998,1.8
Iceland,1999,1.7
Iceland,2000,1.9
Iceland,2001,1.9
Iceland,2002,1.8
Iceland,2003,1.8
Iceland,2004,1.9
Iceland,2005,1.9
Iceland,2006,1.6
Iceland,2007,1.7
Iceland,2008,1.7
Iceland,2009,1.7
Iceland,2010,1.8
Iceland,2011,1.6
Indonesia,1976,0.80000001
Indonesia,1985,1
Indonesia,1995,0.60000002
Indonesia,2001,0.69999999
Indonesia,2002,0.69999999
Iran,1970,0.60000002
Iran,1985,0.80000001
Iran,1995,0.60000002
Iran,2005,1.2
Iran,2006,1.3
Iraq,1970,0.40000001
Iraq,1981,0.1
Iraq,1995,1.5
Iraq,1997,1.5
Ireland,1997,0
Ireland,1998,0.40000001
Ireland,1999,0.60000002
Ireland,2000,0.69999999
Ireland,2001,0.69999999
Ireland,2002,0.69999999
Ireland,2003,0.69999999
Ireland,2004,0.80000001
Ireland,2005,0.80000001
Ireland,2006,0.89999998
Ireland,2007,0.80000001
Ireland,2008,0.80000001
Ireland,2009,0.69999999
Ireland,2010,0.69999999
Ireland,2011,0.60000002
Ireland,2012,0.60000002
Ireland,2013,0.60000002
Ireland,2014,0.60000002
Ireland,2015,0.69999999
Isle of Man,1970,1.1
Isle of Man,1985,2.3
Isle of Man,1995,4.5999999
Isle of Man,2002,5.1999998
Isle of Man,2003,4.4000001
Israel,1970,0.80000001
Israel,1985,1.2
Israel,1986,1.2
Israel,1987,1.2
Israel,1988,1.3
Israel,1989,1.3
Israel,1990,1.4
Israel,1991,1.3
Israel,1992,1.4
Israel,1993,1.4
Israel,1994,1.5
Israel,1995,1.6
Israel,1996,1.5
Israel,1997,1.6
Israel,1998,1.7
Israel,1999,1.7
Israel,2000,1.8
Israel,2001,1.8
Israel,2002,1.7
Israel,2003,1.7
Israel,2004,1.6
Israel,2005,1.6
Israel,2006,1.9
Israel,2007,1.8
Israel,2008,1.8
Israel,2009,1.8
Israel,2010,1.7
Israel,2011,1.7
Israel,2012,1.7
Israel,2013,1.8
Israel,2014,1.8
Israel,2015,1.7
Israel,2016,1.7
Italy,1971,0.30000001
Italy,1972,0.60000002
Italy,1973,0.30000001
Italy,1974,0.30000001
Italy,1975,0.2
Italy,1976,0.2
Italy,1977,0.2
Italy,1978,0.2
Italy,1979,0.2
Italy,1980,0.2
Italy,1981,0.2
Italy,1982,0.30000001
Italy,1983,0.2
Italy,1984,0.30000001
Italy,1985,0.30000001
Italy,1986,0.30000001
Italy,1987,0.5
Italy,1988,0.5
Italy,1989,0.5
Italy,1990,0.5
Italy,1991,0.5
Italy,1992,0.5
Italy,1993,0.40000001
Italy,1994,0.5
Italy,1995,0.5
Italy,1996,0.60000002
Italy,1997,0.60000002
Italy,1998,0.60000002
Italy,1999,0.60000002
Italy,2000,0.69999999
Italy,2001,0.69999999
Italy,2002,0.69999999
Italy,2003,0.80000001
Italy,2004,0.80000001
Italy,2005,0.80000001
Italy,2006,0.89999998
Italy,2007,0.89999998
Italy,2008,0.89999998
Italy,2009,0.89999998
Italy,2010,0.89999998
Italy,2011,0.89999998
Italy,2012,0.89999998
Italy,2013,0.89999998
Italy,2014,0.89999998
Italy,2015,1.4
Italy,2016,1.6
Italy,2017,1.5
Jamaica,1970,0.30000001
Jamaica,1985,0.40000001
Jamaica,1995,0.5
Jamaica,2005,0.69999999
Jamaica,2006,0.69999999
Japan,1960,0.69999999
Japan,1963,0.69999999
Japan,1964,0.69999999
Japan,1965,0.80000001
Japan,1966,0.80000001
Japan,1967,0.80000001
Japan,1968,0.89999998
Japan,1969,0.89999998
Japan,1970,0.89999998
Japan,1971,1
Japan,1972,1
Japan,1973,1
Japan,1974,1
Japan,1975,1.1
Japan,1976,1.1
Japan,1977,1.1
Japan,1978,1.2
Japan,1979,1.2
Japan,1980,1.2
Japan,1981,1.3
Japan,1982,1.4
Japan,1983,1.5
Japan,1984,1.5
Japan,1985,1.4
Japan,1986,1.4
Japan,1987,1.3
Japan,1988,1.3
Japan,1989,1.3
Japan,1990,1.3
Japan,1991,1.4
Japan,1992,1.5
Japan,1993,1.5
Japan,1994,1.6
Japan,1995,1.6
Japan,1996,1.7
Japan,1997,1.8
Japan,1998,1.9
Japan,1999,2
Japan,2000,2.0999999
Japan,2001,2.3
Japan,2002,2.3
Japan,2003,2.3
Japan,2004,2.2
Japan,2005,2.0999999
Japan,2006,2
Japan,2007,2
Japan,2008,2
Japan,2009,2
Japan,2010,2
Japan,2011,1.9
Japan,2012,1.9
Japan,2013,1.8
Japan,2014,1.8
Japan,2015,1.8
Japan,2016,1.7
Japan,2017,1.7
Jordan,1970,0.89999998
Jordan,1985,1.4
Jordan,1995,1.5
Jordan,2005,1.8
Jordan,2006,2
Kazakhstan,1970,1.6
Kazakhstan,1985,2.5999999
Kazakhstan,1995,2.5
Kazakhstan,2005,2.0999999
Kazakhstan,2006,2.3
Kosovo,2004,0.60000002
Kosovo,2005,0.69999999
Kosovo,2006,0.69999999
Kosovo,2007,0.69999999
Kosovo,2008,0.5
Kosovo,2009,0.69999999
Kosovo,2011,0.80000001
Kosovo,2012,0.69999999
Kosovo,2015,0.69999999
Kosovo,2016,0.60000002
Kosovo,2017,0.60000002
Kuwait,1970,1.5
Kuwait,1985,1.6
Kuwait,1995,2.0999999
Kuwait,2005,1.7
Kuwait,2006,1.5
Kyrgyzstan,1970,1.2
Kyrgyzstan,1985,1.7
Kyrgyzstan,1995,1.3
Kyrgyzstan,2005,1.2
Kyrgyzstan,2006,1.3
Latvia,1960,2.4000001
Latvia,1961,2.4000001
Latvia,1962,2.5
Latvia,1963,2.3
Latvia,1964,2.3
Latvia,1965,2.8
Latvia,1966,4.8000002
Latvia,1967,4.1999998
Latvia,1968,4.3000002
Latvia,1969,4.4000001
Latvia,1970,4.5999999
Latvia,1971,4.5999999
Latvia,1972,4.5
Latvia,1973,4.8000002
Latvia,1974,4.9000001
Latvia,1975,4.8000002
Latvia,1976,5
Latvia,1977,5.0999999
Latvia,1978,5.0999999
Latvia,1979,5.5
Latvia,1980,5
Latvia,1981,4.9000001
Latvia,1982,4.8000002
Latvia,1983,4.9000001
Latvia,1984,4.6999998
Latvia,1985,4.5
Latvia,1986,4.3000002
Latvia,1987,4.0999999
Latvia,1988,4.0999999
Latvia,1989,4.1999998
Latvia,1990,4
Latvia,1991,4.1999998
Latvia,1992,5.5999999
Latvia,1993,4
Latvia,1994,3.3
Latvia,1995,3.0999999
Latvia,1996,2.5
Latvia,1997,2.5
Latvia,1998,2.5999999
Latvia,1999,2.5
Latvia,2000,2.5999999
Latvia,2001,2.5
Latvia,2002,2.5999999
Latvia,2003,2.0999999
Latvia,2004,2.3
Latvia,2005,2.8
Latvia,2006,3.3
Latvia,2007,3.4000001
Latvia,2008,2.9000001
Latvia,2009,2.4000001
Latvia,2010,2.4000001
Latvia,2011,4
Latvia,2012,3.5999999
Latvia,2013,3.5
Latvia,2014,3.0999999
Latvia,2015,2.5999999
Latvia,2016,3.0999999
Latvia,2017,3.0999999
Lebanon,1970,0.60000002
Lebanon,1990,1
Lebanon,1995,1.1
Lebanon,2005,1.2
Lebanon,2006,1.1
Libya,1970,2
Libya,1985,0.89999998
Libya,1995,0.30000001
Libya,2001,0.30000001
Libya,2002,0.30000001
Liechtenstein,1975,0.80000001
Liechtenstein,1989,1
Liechtenstein,1995,1.2
Liechtenstein,2000,3.9000001
Liechtenstein,2001,2.5
Liechtenstein,2002,2.9000001
Liechtenstein,2003,2.5
Liechtenstein,2004,2.9000001
Liechtenstein,2005,2.7
Liechtenstein,2006,2.3
Liechtenstein,2007,2.8
Liechtenstein,2008,2.8
Liechtenstein,2009,2.7
Liechtenstein,2010,2.4000001
Liechtenstein,2011,2.5
Liechtenstein,2012,2.4000001
Lithuania,1960,0.89999998
Lithuania,1961,0.89999998
Lithuania,1962,0.89999998
Lithuania,1963,0.80000001
Lithuania,1964,0.89999998
Lithuania,1965,0.89999998
Lithuania,1966,1.8
Lithuania,1967,1.8
Lithuania,1968,2
Lithuania,1969,2.0999999
Lithuania,1970,2.2
Lithuania,1971,2.2
Lithuania,1972,2.3
Lithuania,1973,2.5
Lithuania,1974,2.5
Lithuania,1975,2.7
Lithuania,1976,2.9000001
Lithuania,1977,3.0999999
Lithuania,1978,3
Lithuania,1979,3.2
Lithuania,1980,3.2
Lithuania,1981,3.2
Lithuania,1982,3.0999999
Lithuania,1983,3.2
Lithuania,1984,3.2
Lithuania,1985,3.2
Lithuania,1986,3.3
Lithuania,1987,3.2
Lithuania,1988,3.2
Lithuania,1989,3.3
Lithuania,1990,3.4000001
Lithuania,1991,4.0999999
Lithuania,1992,3.8
Lithuania,1993,3.8
Lithuania,1994,3
Lithuania,1995,2.8
Lithuania,1996,3.0999999
Lithuania,1997,3.2
Lithuania,1998,3.3
Lithuania,1999,3.2
Lithuania,2000,3.0999999
Lithuania,2001,3.2
Lithuania,2002,3.0999999
Lithuania,2003,3.0999999
Lithuania,2004,3.3
Lithuania,2005,3.3
Lithuania,2006,3.4000001
Lithuania,2007,3.5
Lithuania,2008,3.2
Lithuania,2009,2.9000001
Lithuania,2010,3.2
Lithuania,2011,3.4000001
Lithuania,2012,3.5
Lithuania,2013,3.4000001
Lithuania,2014,3.3
Lithuania,2015,3.2
Lithuania,2016,3.0999999
Lithuania,2017,3
Luxembourg,1960,0.5
Luxembourg,1961,0.40000001
Luxembourg,1962,0.40000001
Luxembourg,1963,0.40000001
Luxembourg,1964,0.40000001
Luxembourg,1965,0.40000001
Luxembourg,1966,0.60000002
Luxembourg,1967,0.60000002
Luxembourg,1968,0.60000002
Luxembourg,1969,0.60000002
Luxembourg,1970,0.60000002
Luxembourg,1971,0.69999999
Luxembourg,1972,0.80000001
Luxembourg,1973,0.80000001
Luxembourg,1974,0.80000001
Luxembourg,1975,0.60000002
Luxembourg,1976,1
Luxembourg,1977,1.1
Luxembourg,1978,1.5
Luxembourg,1979,1.2
Luxembourg,1980,1.6
Luxembourg,1981,1.4
Luxembourg,1982,1.7
Luxembourg,1983,1.6
Luxembourg,1984,1.7
Luxembourg,1985,1.8
Luxembourg,1986,1.8
Luxembourg,1987,2
Luxembourg,1988,2.0999999
Luxembourg,1989,2.3
Luxembourg,1990,2
Luxembourg,1991,2
Luxembourg,1992,1.8
Luxembourg,1993,1.9
Luxembourg,1994,1.7
Luxembourg,1995,1.8
Luxembourg,1996,2
Luxembourg,1997,2.4000001
Luxembourg,1998,2.4000001
Luxembourg,1999,2.4000001
Luxembourg,2000,2.4000001
Luxembourg,2001,2.3
Luxembourg,2002,2.4000001
Luxembourg,2003,2.3
Luxembourg,2004,2.3
Luxembourg,2005,2.2
Luxembourg,2006,2.5
Luxembourg,2007,2.3
Luxembourg,2008,2
Luxembourg,2009,2.0999999
Luxembourg,2010,2.0999999
Luxembourg,2011,2.3
Luxembourg,2012,2
Luxembourg,2013,2.0999999
Luxembourg,2014,2.5999999
Luxembourg,2015,2.4000001
Luxembourg,2016,2.0999999
Luxembourg,2017,2
Macao,1970,0
Macao,1985,0.1
Macao,1995,0.60000002
Macao,2005,1.2
Macao,2006,1.2
Maldives,1975,26.4
Maldives,1987,13.9
Maldives,1995,11.2
Maldives,2004,4
Maldives,2005,5.9000001
Malta,2011,0.1
Malta,2012,1.1
Malta,2013,0.80000001
Malta,2014,0.69999999
Malta,2015,0.80000001
Malta,2016,0.80000001
Malta,2017,0.69999999
Marshall Islands,1994,0.40000001
Martinique,1970,0.60000002
Martinique,1985,1.1
Martinique,1997,1.1
Martinique,2000,1.4
Martinique,2005,1.6
Mauritius,1990,0.69999999
Mauritius,1995,0.69999999
Mauritius,2005,0.89999998
Mauritius,2006,1.1
Mexico,1970,0.60000002
Mexico,1985,0.40000001
Mexico,1992,0.60000002
Mexico,1993,0.40000001
Mexico,1994,0.40000001
Mexico,1995,0.40000001
Mexico,1996,0.40000001
Mexico,1997,0.40000001
Mexico,1998,0.5
Mexico,1999,0.5
Mexico,2000,0.5
Mexico,2001,0.60000002
Mexico,2002,0.60000002
Mexico,2003,0.60000002
Mexico,2004,0.69999999
Mexico,2005,0.69999999
Mexico,2006,0.69999999
Mexico,2007,0.69999999
Mexico,2008,0.80000001
Mexico,2009,0.80000001
Mexico,2010,0.80000001
Mexico,2011,0.80000001
Mexico,2012,0.89999998
Mexico,2013,0.89999998
Mexico,2014,0.89999998
Mexico,2015,1
Mexico,2016,1.1
Moldova,2005,4
Moldova,2006,3.5
Moldova,2007,3.9000001
Moldova,2008,3.5
Moldova,2009,3.3
Moldova,2010,3.2
Moldova,2011,3.0999999
Moldova,2012,3
Monaco,1970,1.3
Monaco,1983,1.4
Monaco,1995,2.5
Monaco,2004,2.5
Monaco,2005,2.0999999
Mongolia,1970,0.1
Mongolia,1985,0.40000001
Mongolia,1995,0.40000001
Mongolia,2005,0.60000002
Mongolia,2006,0.60000002
Montenegro,1970,0.60000002
Montenegro,1985,0.60000002
Montenegro,1995,0.60000002
Montenegro,2005,0.80000001
Montenegro,2006,0.80000001
Montenegro,2007,0.69999999
Montenegro,2008,0.69999999
Montenegro,2009,0.69999999
Montenegro,2010,0.80000001
Montenegro,2011,0.80000001
Montenegro,2012,0.80000001
Montenegro,2013,0.80000001
Montenegro,2014,0.89999998
Montenegro,2015,0.89999998
Montenegro,2016,1.1
Montenegro,2017,1.2
Montserrat,1970,1.1
Montserrat,1995,0.2
Montserrat,1999,1
Mozambique,1970,0
Nauru,1967,0.30000001
Netherlands,1960,0.5
Netherlands,1961,0.5
Netherlands,1962,0.5
Netherlands,1963,0.5
Netherlands,1964,0.5
Netherlands,1965,0.5
Netherlands,1966,0.5
Netherlands,1967,0.60000002
Netherlands,1968,0.60000002
Netherlands,1969,0.69999999
Netherlands,1970,0.80000001
Netherlands,1971,0.89999998
Netherlands,1972,1.1
Netherlands,1973,1.3
Netherlands,1974,1.4
Netherlands,1975,1.5
Netherlands,1976,1.5
Netherlands,1977,1.6
Netherlands,1978,1.6
Netherlands,1979,1.7
Netherlands,1980,1.8
Netherlands,1981,2
Netherlands,1982,2.2
Netherlands,1983,2.3
Netherlands,1984,2.4000001
Netherlands,1985,2.3
Netherlands,1986,2
Netherlands,1987,1.9
Netherlands,1988,1.9
Netherlands,1989,1.9
Netherlands,1990,1.9
Netherlands,1991,1.9
Netherlands,1992,2
Netherlands,1993,2
Netherlands,1994,2.4000001
Netherlands,1995,2.2
Netherlands,1996,2.2
Netherlands,1997,2.2
Netherlands,1998,2.0999999
Netherlands,1999,2.0999999
Netherlands,2000,2.2
Netherlands,2001,2.3
Netherlands,2002,2.0999999
Netherlands,2003,1.9
Netherlands,2004,1.9
Netherlands,2005,2
Netherlands,2006,1.9
Netherlands,2007,2
Netherlands,2008,2
Netherlands,2009,1.9
Netherlands,2010,2
Netherlands,2011,2
Netherlands,2012,2.0999999
Netherlands,2013,2
Netherlands,2014,2.0999999
Netherlands,2015,2
Netherlands,2016,2
Netherlands,2017,1.9
Netherlands Antilles,1970,1.7
Netherlands Antilles,1987,2.5
Netherlands Antilles,1995,2.7
Netherlands Antilles,2005,2.9000001
Netherlands Antilles,2006,2.5999999
New Caledonia,1970,0.60000002
New Caledonia,1985,1.1
New Caledonia,1995,0.89999998
New Caledonia,2002,1
New Caledonia,2003,1.1
New Zealand,1970,1.1
New Zealand,1985,2.5999999
New Zealand,1992,2.7
New Zealand,1995,2.5999999
New Zealand,1996,2.7
New Zealand,1997,2.5999999
New Zealand,1998,2.5999999
New Zealand,1999,2.5999999
New Zealand,2000,2.5
New Zealand,2001,2.5
New Zealand,2002,2.5999999
New Zealand,2003,2.5999999
New Zealand,2004,2.5999999
New Zealand,2005,2.4000001
New Zealand,2006,2.4000001
New Zealand,2007,2.3
New Zealand,2008,2.3
New Zealand,2009,2
New Zealand,2010,2
New Zealand,2011,1.9
New Zealand,2012,2
New Zealand,2013,1.9
New Zealand,2014,1.8
New Zealand,2015,1.9
New Zealand,2016,1.7
Nicaragua,1975,0.2
Nicaragua,1985,0.30000001
Nicaragua,1995,0.5
Nicaragua,2004,0.5
Nicaragua,2005,0.80000001
Niue,1975,0.2
Niue,1981,0.89999998
Niue,2002,0
Norfolk Island,1975,3.7
North Korea,1970,0.30000001
North Korea,1985,0.2
North Korea,1987,0.2
North Macedonia,1960,0.69999999
North Macedonia,1961,0.60000002
North Macedonia,1962,0.60000002
North Macedonia,1963,0.5
North Macedonia,1964,0.40000001
North Macedonia,1965,0.5
North Macedonia,1966,0.40000001
North Macedonia,1967,0.30000001
North Macedonia,1968,0.30000001
North Macedonia,1969,0.30000001
North Macedonia,1970,0.30000001
North Macedonia,1971,0.30000001
North Macedonia,1972,0.30000001
North Macedonia,1973,0.60000002
North Macedonia,1974,0.60000002
North Macedonia,1975,0.69999999
North Macedonia,1976,0.60000002
North Macedonia,1977,0.5
North Macedonia,1978,0.40000001
North Macedonia,1979,0.40000001
North Macedonia,1980,0.5
North Macedonia,1981,0.5
North Macedonia,1982,0.5
North Macedonia,1983,0.40000001
North Macedonia,1984,0.40000001
North Macedonia,1985,0.40000001
North Macedonia,1986,0.5
North Macedonia,1987,0.40000001
North Macedonia,1988,0.40000001
North Macedonia,1989,0.5
North Macedonia,1990,0.40000001
North Macedonia,1991,0.30000001
North Macedonia,1992,0.30000001
North Macedonia,1993,0.30000001
North Macedonia,1994,0.30000001
North Macedonia,1995,0.40000001
North Macedonia,1996,0.40000001
North Macedonia,1997,0.5
North Macedonia,1998,0.5
North Macedonia,1999,0.5
North Macedonia,2000,0.69999999
North Macedonia,2001,0.69999999
North Macedonia,2002,0.60000002
North Macedonia,2003,0.69999999
North Macedonia,2004,0.80000001
North Macedonia,2005,0.80000001
North Macedonia,2006,0.69999999
North Macedonia,2007,0.69999999
North Macedonia,2008,0.60000002
North Macedonia,2009,0.60000002
North Macedonia,2010,0.80000001
North Macedonia,2011,0.89999998
North Macedonia,2012,0.89999998
North Macedonia,2013,1
North Macedonia,2014,1.1
North Macedonia,2015,1
North Macedonia,2016,1
North Macedonia,2017,1
Northern Mariana Islands,1983,2.3
Northern Mariana Islands,1985,1.2
Northern Mariana Islands,2003,5.3000002
Norway,1960,0.69999999
Norway,1961,0.69999999
Norway,1962,0.69999999
Norway,1963,0.69999999
Norway,1964,0.69999999
Norway,1965,0.69999999
Norway,1966,0.69999999
Norway,1967,0.80000001
Norway,1968,0.80000001
Norway,1969,0.80000001
Norway,1970,0.89999998
Norway,1971,1
Norway,1972,1
Norway,1973,1.2
Norway,1974,1.3
Norway,1975,1.4
Norway,1976,1.4
Norway,1977,1.5
Norway,1978,1.5
Norway,1979,1.6
Norway,1980,1.6
Norway,1981,1.7
Norway,1982,1.7
Norway,1983,1.9
Norway,1984,1.9
Norway,1985,2
Norway,1986,1.9
Norway,1987,2
Norway,1988,2.0999999
Norway,1989,2.2
Norway,1990,2.4000001
Norway,1991,2.4000001
Norway,1992,2.4000001
Norway,1993,2.5
Norway,1994,2.5
Norway,1995,2.4000001
Norway,1996,2.3
Norway,1997,2.3
Norway,1998,2.0999999
Norway,1999,2
Norway,2000,2.2
Norway,2001,2.3
Norway,2002,2.3
Norway,2003,2.4000001
Norway,2004,2.4000001
Norway,2005,2.4000001
Norway,2006,2.3
Norway,2007,2.2
Norway,2008,2.0999999
Norway,2009,2.0999999
Norway,2010,2.0999999
Norway,2011,2.0999999
Norway,2012,2
Norway,2013,2
Norway,2014,1.9
Norway,2015,1.9
Norway,2016,1.9
Norway,2017,2
Palestine,1996,1.3
Palestine,2005,1.1
Palestine,2006,1
Panama,1970,0.40000001
Panama,1985,0.69999999
Panama,1995,0.5
Panama,2005,0.89999998
Panama,2006,0.89999998
Peru,1968,0.2
Peru,1997,0.1
Peru,1998,0.1
Poland,1960,0.5
Poland,1961,0.60000002
Poland,1962,0.60000002
Poland,1963,0.60000002
Poland,1964,0.69999999
Poland,1965,0.69999999
Poland,1966,0.80000001
Poland,1967,0.80000001
Poland,1968,0.89999998
Poland,1969,1
Poland,1970,1.1
Poland,1971,1.1
Poland,1972,1.1
Poland,1973,1.2
Poland,1974,1.2
Poland,1975,1.2
Poland,1976,1.1
Poland,1977,1.2
Poland,1978,1
Poland,1979,1.1
Poland,1980,1.1
Poland,1981,1.1
Poland,1982,1.3
Poland,1983,1.3
Poland,1984,1.4
Poland,1985,1.3
Poland,1986,1.4
Poland,1987,1.3
Poland,1988,1.3
Poland,1989,1.2
Poland,1990,1.1
Poland,1991,0.89999998
Poland,1992,0.80000001
Poland,1993,0.69999999
Poland,1994,0.80000001
Poland,1995,1
Poland,1996,1
Poland,1997,1.1
Poland,1998,1.2
Poland,1999,1.1
Poland,2000,1.1
Poland,2001,1.2
Poland,2002,1.2
Poland,2003,1.3
Poland,2004,1.5
Poland,2005,1.8
Poland,2006,1.9
Poland,2007,1.7
Poland,2008,1.7
Poland,2009,1.7
Poland,2010,1.6
Poland,2011,1.7
Poland,2012,1.7
Poland,2013,1.7
Poland,2014,1.7
Poland,2015,1.8
Poland,2016,1.7
Poland,2017,1.7
Portugal,1960,0.1
Portugal,1961,0.1
Portugal,1962,0.1
Portugal,1963,0.1
Portugal,1964,0.1
Portugal,1965,0.1
Portugal,1966,0.1
Portugal,1967,0.1
Portugal,1968,0.1
Portugal,1969,0.1
Portugal,1970,0.1
Portugal,1971,0.1
Portugal,1972,0.1
Portugal,1973,0.1
Portugal,1974,0.1
Portugal,1975,0.2
Portugal,1976,0.5
Portugal,1977,0.80000001
Portugal,1978,0.69999999
Portugal,1979,0.60000002
Portugal,1980,0.60000002
Portugal,1981,0.69999999
Portugal,1982,0.69999999
Portugal,1983,0.80000001
Portugal,1984,0.69999999
Portugal,1985,0.89999998
Portugal,1986,0.80000001
Portugal,1987,0.89999998
Portugal,1988,0.89999998
Portugal,1989,1
Portugal,1990,0.89999998
Portugal,1991,1.1
Portugal,1992,1.2
Portugal,1993,1.2
Portugal,1994,1.4
Portugal,1995,1.2
Portugal,1996,1.3
Portugal,1997,1.4
Portugal,1998,1.5
Portugal,1999,1.7
Portugal,2000,1.9
Portugal,2001,1.8
Portugal,2002,2.7
Portugal,2003,2.2
Portugal,2004,2.2
Portugal,2005,2.2
Portugal,2006,2.3
Portugal,2007,2.4000001
Portugal,2008,2.5
Portugal,2009,2.5
Portugal,2010,2.5999999
Portugal,2011,2.5
Portugal,2012,2.4000001
Portugal,2013,2.2
Portugal,2014,2.0999999
Portugal,2015,2.3
Portugal,2016,2.2
Portugal,2017,2.0999999
Puerto Rico,1970,3.5999999
Puerto Rico,1985,4.4000001
Puerto Rico,1996,3.5999999
Puerto Rico,2005,4
Puerto Rico,2006,4.5
Qatar,1977,1.6
Qatar,1985,0.80000001
Qatar,1995,0.89999998
Qatar,2005,0.80000001
Qatar,2006,1
Reunion,1970,0.30000001
Reunion,1985,1.2
Reunion,1996,1.7
Reunion,2004,2
Reunion,2005,2.4000001
Romania,1960,2
Romania,1961,1.8
Romania,1962,2
Romania,1963,1.9
Romania,1964,1.9
Romania,1965,1.9
Romania,1966,1.3
Romania,1968,0.2
Romania,1969,0.30000001
Romania,1970,0.40000001
Romania,1971,0.5
Romania,1972,0.5
Romania,1973,0.69999999
Romania,1974,0.89999998
Romania,1975,1.6
Romania,1976,1.7
Romania,1977,1.2
Romania,1978,1.5
Romania,1979,1.6
Romania,1980,1.5
Romania,1981,1.5
Romania,1982,1.5
Romania,1983,1.5
Romania,1984,1.5
Romania,1985,1.4
Romania,1986,1.5
Romania,1987,1.5
Romania,1988,1.6
Romania,1989,1.6
Romania,1990,1.4
Romania,1991,1.6
Romania,1992,1.3
Romania,1993,1.4
Romania,1994,1.7
Romania,1995,1.5
Romania,1996,1.6
Romania,1997,1.5
Romania,1998,1.8
Romania,1999,1.5
Romania,2000,1.4
Romania,2001,1.4
Romania,2002,1.5
Romania,2003,1.5
Romania,2004,1.6
Romania,2005,1.6
Romania,2006,1.5
Romania,2007,1.7
Romania,2008,1.7
Romania,2009,1.6
Romania,2010,1.6
Romania,2011,1.8
Romania,2012,1.6
Romania,2013,1.4
Romania,2014,1.4
Romania,2015,1.6
Romania,2016,1.5
Romania,2017,1.6
Russia,1970,3
Russia,1985,4
Russia,1995,4.5
Russia,2005,4.1999998
Russia,2007,4.8000002
Saint Kitts and Nevis,1977,0.2
Saint Kitts and Nevis,1995,0.5
Saint Kitts and Nevis,2001,0.1
Saint Kitts and Nevis,2002,0.5
Saint Lucia,1977,0
Saint Lucia,1985,0.30000001
Saint Lucia,1995,0.40000001
Saint Lucia,2003,0.69999999
Saint Lucia,2004,0.69999999
Saint Pierre et Miquelon,1970,0.2
Saint Pierre et Miquelon,1984,0.80000001
Saint Pierre et Miquelon,1996,2.0999999
Saint Vincent and the Grenadines,1973,0.5
Saint Vincent and the Grenadines,1980,0.2
Saint Vincent and the Grenadines,1995,0.5
Saint Vincent and the Grenadines,2004,0.80000001
Saint Vincent and the Grenadines,2005,0.89999998
Samoa,1970,0.30000001
Samoa,1983,0.60000002
Samoa,1998,0.2
Samoa,2004,0.2
Samoa,2005,0.2
San Marino,1982,0.2
San Marino,1985,0.1
San Marino,1995,1.1
San Marino,2004,2.0999999
San Marino,2005,2
San Marino,2006,2.8
San Marino,2007,2.0999999
San Marino,2008,2.2
San Marino,2011,2.5
San Marino,2012,1.5
Saudi Arabia,1996,0.80000001
Saudi Arabia,2004,1.1
Saudi Arabia,2005,1.1
Serbia,1970,1.1
Serbia,1985,1.2
Serbia,1996,0.69999999
Serbia,2005,1
Serbia,2006,1.1
Serbia,2007,1.2
Serbia,2008,1.2
Serbia,2009,1.2
Serbia,2010,0.89999998
Serbia,2011,1.1
Serbia,2012,1
Serbia,2013,1.1
Serbia,2014,1.1
Serbia,2015,1.3
Serbia,2016,1.3
Serbia,2017,1.3
Seychelles,1970,0.2
Seychelles,1985,0.69999999
Seychelles,1995,1.2
Seychelles,2005,1.7
Seychelles,2006,1.7
Singapore,1979,0.60000002
Singapore,1985,0.69999999
Singapore,1995,1.2
Singapore,2005,1.5
Singapore,2006,1.5
Slovakia,1960,0.60000002
Slovakia,1961,0.60000002
Slovakia,1962,0.60000002
Slovakia,1963,0.5
Slovakia,1964,0.5
Slovakia,1965,0.60000002
Slovakia,1966,0.60000002
Slovakia,1967,0.60000002
Slovakia,1968,0.69999999
Slovakia,1969,0.69999999
Slovakia,1970,0.80000001
Slovakia,1971,1
Slovakia,1972,0.89999998
Slovakia,1973,0.89999998
Slovakia,1974,1.2
Slovakia,1975,1.3
Slovakia,1976,1.3
Slovakia,1977,1.2
Slovakia,1978,1.3
Slovakia,1979,1.2
Slovakia,1980,1.3
Slovakia,1981,1.4
Slovakia,1982,1.3
Slovakia,1983,1.4
Slovakia,1984,1.3
Slovakia,1985,1.5
Slovakia,1986,1.6
Slovakia,1987,1.6
Slovakia,1988,1.6
Slovakia,1989,1.6
Slovakia,1990,1.7
Slovakia,1991,1.5
Slovakia,1992,1.5
Slovakia,1993,1.5
Slovakia,1994,1.6
Slovakia,1995,1.7
Slovakia,1996,1.7
Slovakia,1997,1.7
Slovakia,1998,1.7
Slovakia,1999,1.8
Slovakia,2000,1.7
Slovakia,2001,1.8
Slovakia,2002,2
Slovakia,2003,2
Slovakia,2004,2
Slovakia,2005,2.2
Slovakia,2006,2.4000001
Slovakia,2007,2.3
Slovakia,2008,2.4000001
Slovakia,2009,2.4000001
Slovakia,2010,2.2
Slovakia,2011,2.0999999
Slovakia,2012,2
Slovakia,2013,2
Slovakia,2014,1.9
Slovakia,2015,1.8
Slovakia,2016,1.7
Slovakia,2017,1.8
Slovenia,1960,1
Slovenia,1961,1
Slovenia,1962,1
Slovenia,1963,1
Slovenia,1964,1
Slovenia,1965,1.1
Slovenia,1966,1.1
Slovenia,1967,1.2
Slovenia,1968,1.2
Slovenia,1969,1.2
Slovenia,1970,1.1
Slovenia,1971,1.1
Slovenia,1972,1.1
Slovenia,1973,1.2
Slovenia,1974,1.2
Slovenia,1975,1.2
Slovenia,1976,1.2
Slovenia,1977,1.3
Slovenia,1978,1.4
Slovenia,1979,1.2
Slovenia,1980,1.2
Slovenia,1981,1.3
Slovenia,1982,1.3
Slovenia,1983,1.4
Slovenia,1984,1.3
Slovenia,1985,1.3
Slovenia,1986,1.2
Slovenia,1987,1.1
Slovenia,1988,1
Slovenia,1989,1.1
Slovenia,1990,0.89999998
Slovenia,1991,0.89999998
Slovenia,1992,1
Slovenia,1993,1
Slovenia,1994,1
Slovenia,1995,0.80000001
Slovenia,1996,1
Slovenia,1997,1
Slovenia,1998,1
Slovenia,1999,1
Slovenia,2000,1.1
Slovenia,2001,1.1
Slovenia,2002,1.2
Slovenia,2003,1.2
Slovenia,2004,1.2
Slovenia,2005,1.3
Slovenia,2006,1.2
Slovenia,2007,1.3
Slovenia,2008,1.1
Slovenia,2009,1.1
Slovenia,2010,1.2
Slovenia,2011,1.1
Slovenia,2012,1.2
Slovenia,2013,1.1
Slovenia,2014,1.2
Slovenia,2015,1.2
Slovenia,2016,1.2
Slovenia,2017,1.2
South Africa,1995,0.80000001
South Africa,2004,0.69999999
South Africa,2005,0.69999999
South Korea,1970,0.40000001
South Korea,1971,0.30000001
South Korea,1972,0.40000001
South Korea,1973,0.40000001
South Korea,1974,0.40000001
South Korea,1975,0.5
South Korea,1976,0.5
South Korea,1977,0.60000002
South Korea,1978,0.5
South Korea,1979,0.5
South Korea,1980,0.60000002
South Korea,1981,0.60000002
South Korea,1982,0.69999999
South Korea,1983,0.69999999
South Korea,1984,0.89999998
South Korea,1985,0.89999998
South Korea,1986,0.89999998
South Korea,1987,1
South Korea,1988,1
South Korea,1989,1
South Korea,1990,1.1
South Korea,1991,1.1
South Korea,1992,1.2
South Korea,1993,1.3
South Korea,1994,1.4
South Korea,1995,1.5
South Korea,1996,1.7
South Korea,1997,2
South Korea,1998,2.5
South Korea,1999,2.5
South Korea,2000,2.5
South Korea,2001,2.8
South Korea,2002,3
South Korea,2003,3.4000001
South Korea,2004,2.9000001
South Korea,2005,2.5999999
South Korea,2006,2.5
South Korea,2007,2.5
South Korea,2008,2.4000001
South Korea,2009,2.5
South Korea,2010,2.3
South Korea,2011,2.3
South Korea,2012,2.3
South Korea,2013,2.3
South Korea,2014,2.3
South Korea,2015,2.0999999
South Korea,2016,2.0999999
South Korea,2017,2.0999999
Spain,1981,0.30000001
Spain,1982,0.60000002
Spain,1983,0.5
Spain,1984,0.5
Spain,1985,0.5
Spain,1986,0.5
Spain,1987,0.5
Spain,1988,0.60000002
Spain,1989,0.60000002
Spain,1990,0.60000002
Spain,1991,0.69999999
Spain,1992,0.69999999
Spain,1993,0.69999999
Spain,1994,0.80000001
Spain,1995,0.80000001
Spain,1996,0.80000001
Spain,1997,0.89999998
Spain,1998,0.89999998
Spain,1999,0.89999998
Spain,2000,0.89999998
Spain,2001,1
Spain,2002,1
Spain,2003,1.1
Spain,2004,1.2
Spain,2005,1.7
Spain,2006,2.9000001
Spain,2007,2.8
Spain,2008,2.4000001
Spain,2009,2.0999999
Spain,2010,2.2
Spain,2011,2.2
Spain,2012,2.2
Spain,2013,2
Spain,2014,2.2
Spain,2015,2.0999999
Spain,2016,2.0999999
Spain,2017,2.0999999
Sri Lanka,1972,0.1
Sri Lanka,1985,0.1
Sri Lanka,1988,0.2
Suriname,1962,0.80000001
Suriname,1980,1.1
Suriname,1995,1.3
Suriname,2004,1.2
Suriname,2005,1.5
Sweden,1960,1.2
Sweden,1961,1.2
Sweden,1962,1.2
Sweden,1963,1.1
Sweden,1964,1.2
Sweden,1965,1.2
Sweden,1966,1.3
Sweden,1967,1.4
Sweden,1968,1.4
Sweden,1969,1.5
Sweden,1970,1.6
Sweden,1971,1.7
Sweden,1972,1.9
Sweden,1973,2
Sweden,1974,3.3
Sweden,1975,3.0999999
Sweden,1976,2.5999999
Sweden,1977,2.5
Sweden,1978,2.5
Sweden,1979,2.5
Sweden,1980,2.4000001
Sweden,1981,2.4000001
Sweden,1982,2.5
Sweden,1983,2.5
Sweden,1984,2.4000001
Sweden,1985,2.4000001
Sweden,1986,2.3
Sweden,1987,2.2
Sweden,1988,2.0999999
Sweden,1989,2.2
Sweden,1990,2.3
Sweden,1991,2.3
Sweden,1992,2.5
Sweden,1993,2.5
Sweden,1994,2.5
Sweden,1995,2.5999999
Sweden,1996,2.4000001
Sweden,1997,2.4000001
Sweden,1998,2.3
Sweden,1999,2.4000001
Sweden,2000,2.4000001
Sweden,2001,2.4000001
Sweden,2002,2.4000001
Sweden,2003,2.4000001
Sweden,2004,2.2
Sweden,2005,2.2
Sweden,2006,2.2
Sweden,2007,2.3
Sweden,2008,2.3
Sweden,2009,2.4000001
Sweden,2010,2.5
Sweden,2011,2.5
Sweden,2012,2.5
Sweden,2013,2.8
Sweden,2014,2.7
Sweden,2015,2.5
Sweden,2016,2.4000001
Sweden,2017,2.4000001
Switzerland,1960,0.89999998
Switzerland,1961,0.89999998
Switzerland,1962,0.80000001
Switzerland,1963,0.80000001
Switzerland,1964,0.80000001
Switzerland,1965,0.80000001
Switzerland,1966,0.80000001
Switzerland,1967,0.89999998
Switzerland,1968,0.89999998
Switzerland,1969,1
Switzerland,1970,1
Switzerland,1971,1.1
Switzerland,1972,1.2
Switzerland,1973,1.3
Switzerland,1974,1.3
Switzerland,1975,1.4
Switzerland,1976,1.5
Switzerland,1977,1.7
Switzerland,1978,1.7
Switzerland,1979,1.7
Switzerland,1980,1.7
Switzerland,1981,1.8
Switzerland,1982,1.8
Switzerland,1983,1.8
Switzerland,1984,1.7
Switzerland,1985,1.8
Switzerland,1986,1.8
Switzerland,1987,1.8
Switzerland,1988,1.9
Switzerland,1989,1.9
Switzerland,1990,2
Switzerland,1991,2
Switzerland,1992,2.0999999
Switzerland,1993,2.2
Switzerland,1994,2.2
Switzerland,1995,2.2
Switzerland,1996,2.3
Switzerland,1997,2.4000001
Switzerland,1998,2.5
Switzerland,1999,2.9000001
Switzerland,2000,1.5
Switzerland,2001,2.2
Switzerland,2002,2.2
Switzerland,2003,2.3
Switzerland,2004,2.4000001
Switzerland,2005,2.9000001
Switzerland,2006,2.8
Switzerland,2007,2.5999999
Switzerland,2008,2.5999999
Switzerland,2009,2.5
Switzerland,2010,2.8
Switzerland,2011,2.2
Switzerland,2012,2.2
Switzerland,2013,2.0999999
Switzerland,2014,2
Switzerland,2015,2.0999999
Switzerland,2016,2
Switzerland,2017,1.9
Syria,1970,0.60000002
Syria,1985,0.60000002
Syria,1996,0.80000001
Syria,2005,0.89999998
Syria,2006,1
Tajikistan,1970,1.1
Tajikistan,1985,1.5
Tajikistan,1994,0.80000001
Tajikistan,2005,0.40000001
Tajikistan,2006,0.40000001
Thailand,1978,0.5
Thailand,1985,0.60000002
Thailand,1995,0.89999998
Thailand,2004,1.4
Thailand,2005,1.4
Tonga,1970,0.40000001
Tonga,1985,0.69999999
Tonga,1995,0.60000002
Tonga,2002,1.1
Tonga,2003,1
Trinidad and Tobago,1970,0.40000001
Trinidad and Tobago,1985,0.89999998
Trinidad and Tobago,1995,0.89999998
Trinidad and Tobago,2004,1.4
Trinidad and Tobago,2005,2.2
Tunisia,1970,0.80000001
Tunisia,1985,0.80000001
Tunisia,1995,0.89999998
Tunisia,1999,0.89999998
Turkey,1970,0.30000001
Turkey,1985,0.40000001
Turkey,1995,0.5
Turkey,2003,0.80000001
Turkey,2004,1.3
Turkey,2005,1.4
Turkey,2006,1.3
Turkey,2007,1.3
Turkey,2008,1.4
Turkey,2009,1.6
Turkey,2010,1.6
Turkey,2011,1.6
Turkey,2012,1.6
Turkey,2013,1.6
Turkey,2014,1.7
Turkey,2015,1.7
Turkey,2016,1.6
Turkey,2017,1.6
Turkmenistan,1970,1.2
Turkmenistan,1979,1.6
Turkmenistan,1985,1.5
Turkmenistan,1998,1.1
Turks and Caicos Islands,1976,0.60000002
Turks and Caicos Islands,1983,0.5
Turks and Caicos Islands,1995,0.1
Turks and Caicos Islands,2005,1
Turks and Caicos Islands,2006,0.89999998
Ukraine,1970,2.9000001
Ukraine,1985,3.5999999
Ukraine,1995,3.9000001
Ukraine,2004,3.7
Ukraine,2005,3.9000001
Ukraine,2006,3.8
Ukraine,2007,3.8
Ukraine,2008,5.3000002
Ukraine,2009,3.2
Ukraine,2010,2.8
Ukraine,2011,1.4
Ukraine,2012,1.1
Ukraine,2015,3
Ukraine,2016,3.0999999
Ukraine,2017,3
United Arab Emirates,1992,1
United Arab Emirates,1995,0.89999998
United Arab Emirates,2003,0.89999998
United Arab Emirates,2004,0.89999998
United Kingdom,1965,0.69999999
United Kingdom,1966,0.69999999
United Kingdom,1967,0.80000001
United Kingdom,1968,0.80000001
United Kingdom,1969,0.89999998
United Kingdom,1970,1
United Kingdom,1971,1.3
United Kingdom,1972,2.0999999
United Kingdom,1973,1.9
United Kingdom,1974,2
United Kingdom,1975,2.0999999
United Kingdom,1976,2.3
United Kingdom,1977,2.3
United Kingdom,1978,2.5999999
United Kingdom,1979,2.5
United Kingdom,1980,2.5999999
United Kingdom,1981,2.5999999
United Kingdom,1982,2.5999999
United Kingdom,1983,2.5999999
United Kingdom,1984,2.5999999
United Kingdom,1985,2.8
United Kingdom,1986,2.7
United Kingdom,1987,2.7
United Kingdom,1988,2.7
United Kingdom,1989,2.5999999
United Kingdom,1990,2.7
United Kingdom,1991,2.8
United Kingdom,1992,2.8
United Kingdom,1993,2.9000001
United Kingdom,1994,2.7
United Kingdom,1995,2.9000001
United Kingdom,1996,3
United Kingdom,1997,2.8
United Kingdom,1998,2.7
United Kingdom,1999,2.7
United Kingdom,2000,2.5999999
United Kingdom,2001,2.7
United Kingdom,2002,2.7
United Kingdom,2003,2.8
United Kingdom,2004,2.8
United Kingdom,2005,2.5999999
United Kingdom,2006,2.4000001
United Kingdom,2007,2.3
United Kingdom,2008,2.2
United Kingdom,2009,2
United Kingdom,2010,2.0999999
United Kingdom,2011,2.0999999
United Kingdom,2012,2
United Kingdom,2013,2
United Kingdom,2014,1.9
United Kingdom,2015,1.7
United Kingdom,2016,1.8
United States,1920,1.6
United States,1921,1.5
United States,1922,1.4
United States,1923,1.5
United States,1924,1.5
United States,1925,1.5
United States,1926,1.6
United States,1927,1.6
United States,1928,1.7
United States,1929,1.7
United States,1930,1.6
United States,1931,1.5
United States,1932,1.3
United States,1933,1.3
United States,1934,1.6
United States,1935,1.7
United States,1936,1.8
United States,1937,1.9
United States,1938,1.9
United States,1939,1.9
United States,1940,2
United States,1941,2.2
United States,1942,2.4000001
United States,1943,2.5999999
United States,1944,2.9000001
United States,1945,3.5
United States,1946,4.3000002
United States,1947,3.4000001
United States,1948,2.8
United States,1949,2.7
United States,1950,2.5999999
United States,1951,2.5
United States,1952,2.5
United States,1953,2.5
United States,1954,2.4000001
United States,1955,2.3
United States,1956,2.3
United States,1957,2.2
United States,1958,2.0999999
United States,1959,2.2
United States,1960,2.2
United States,1961,2.3
United States,1962,2.2
United States,1963,2.3
United States,1964,2.4000001
United States,1965,2.5
United States,1966,2.5
United States,1967,2.5999999
United States,1968,2.9000001
United States,1969,3.2
United States,1970,3.5
United States,1971,3.7
United States,1972,4
United States,1973,4.3000002
United States,1974,4.5999999
United States,1975,4.8000002
United States,1976,5
United States,1977,5
United States,1978,5.0999999
United States,1979,5.3000002
United States,1980,5.1999998
United States,1981,5.3000002
United States,1982,5
United States,1983,4.9000001
United States,1984,5
United States,1985,5
United States,1986,4.9000001
United States,1987,4.8000002
United States,1988,4.8000002
United States,1989,4.6999998
United States,1990,4.6999998
United States,1991,4.6999998
United States,1992,4.8000002
United States,1993,4.5999999
United States,1994,4.5999999
United States,1995,4.4000001
United States,1996,4.3000002
United States,1997,4.3000002
United States,1998,4.1999998
United States,1999,4.0999999
United States,2000,4.0999999
United States,2001,4
United States,2002,3.9000001
United States,2003,3.8
United States,2004,3.7
United States,2005,3.5999999
United States,2006,3.7
United States,2007,3.5999999
United States,2008,3.5
United States,2009,3.5
United States,2010,3.5999999
United States,2011,3.5999999
United States,2012,3.4000001
United States,2013,3.3
United States,2014,3.2
United States,2015,3.0999999
United States,2016,3
United States,2017,2.9000001
United States,2018,2.9000001
United States Virgin Islands,1970,4.3000002
United States Virgin Islands,1985,3.3
United States Virgin Islands,1993,4.4000001
Uruguay,1970,1
Uruguay,1985,1.4
Uruguay,1995,1.8
Uruguay,2003,4.1999998
Uruguay,2004,4.4000001
Uzbekistan,1970,1.1
Uzbekistan,1985,1.4
Uzbekistan,1995,0.89999998
Uzbekistan,2000,0.80000001
Uzbekistan,2001,0.60000002
Venezuela,1970,0.2
Venezuela,1985,1.2
Venezuela,1995,0.69999999
Venezuela,2005,0.80000001
Venezuela,2006,0.89999998
Vietnam,2002,0.5
Western Sahara,1970,2.0999999
Yemen,2001,0
Yemen,2003,0
