location,year,SmallpoxCases
Afghanistan,1949,393
Afghanistan,1950,612
Afghanistan,1951,1299
Afghanistan,1952,2179
Afghanistan,1953,1813
Afghanistan,1954,1767
Afghanistan,1955,1411
Afghanistan,1956,1002
Afghanistan,1957,226
Afghanistan,1958,306
Afghanistan,1959,442
Afghanistan,1960,109
Afghanistan,1961,178
Afghanistan,1962,288
Afghanistan,1963,577
Afghanistan,1964,178
Afghanistan,1965,72
Afghanistan,1966,66
Afghanistan,1967,211
Afghanistan,1968,739
Afghanistan,1969,204
Afghanistan,1970,1044
Afghanistan,1971,736
Afghanistan,1972,236
Afghanistan,1973,25
Afghanistan,1974,0
Afghanistan,1975,0
Afghanistan,1976,0
Afghanistan,1977,0
Africa,1967,15263
Africa,1968,10951
Africa,1969,3392
Africa,1970,3161
Africa,1971,27262
Africa,1972,18902
Africa,1973,5441
Africa,1974,4436
Africa,1975,3894
Africa,1976,954
Africa,1977,3234
Algeria,1920,1172
Algeria,1921,755
Algeria,1922,184
Algeria,1923,141
Algeria,1924,483
Algeria,1925,1747
Algeria,1926,2473
Algeria,1927,4336
Algeria,1928,383
Algeria,1929,191
Algeria,1930,30
Algeria,1931,21
Algeria,1932,17
Algeria,1933,14
Algeria,1934,19
Algeria,1935,19
Algeria,1936,101
Algeria,1937,15
Algeria,1938,13
Algeria,1939,6
Algeria,1940,11
Algeria,1941,1029
Algeria,1942,1164
Algeria,1943,1655
Algeria,1944,1188
Algeria,1945,334
Algeria,1946,565
Algeria,1947,533
Algeria,1948,422
Algeria,1949,314
Algeria,1950,146
Algeria,1951,102
Algeria,1952,86
Algeria,1953,56
Algeria,1954,67
Algeria,1955,73
Algeria,1956,18
Algeria,1957,8
Algeria,1958,15
Algeria,1959,11
Algeria,1960,7
Algeria,1961,8
Algeria,1962,1
Algeria,1963,5
Algeria,1964,0
Angola,1927,174
Angola,1928,67
Angola,1929,95
Angola,1930,1107
Angola,1931,1408
Angola,1932,848
Angola,1933,371
Angola,1934,693
Angola,1935,408
Angola,1936,640
Angola,1937,198
Angola,1938,451
Angola,1939,465
Angola,1940,1100
Angola,1941,1650
Angola,1942,473
Angola,1943,652
Angola,1944,80
Angola,1945,129
Angola,1946,198
Angola,1947,288
Angola,1948,605
Angola,1949,510
Angola,1950,621
Angola,1951,236
Angola,1952,191
Angola,1953,138
Angola,1954,135
Angola,1955,122
Angola,1956,113
Angola,1957,11
Angola,1958,138
Angola,1959,7
Angola,1960,0
Angola,1961,0
Angola,1962,23
Angola,1963,50
Angola,1964,1
Angola,1965,0
Angola,1966,3
Argentina,1936,545
Argentina,1937,80
Argentina,1938,53
Argentina,1939,19
Argentina,1940,0
Argentina,1941,0
Argentina,1942,120
Argentina,1943,6
Argentina,1944,41
Argentina,1945,0
Argentina,1946,71
Argentina,1947,46
Argentina,1948,140
Argentina,1949,500
Argentina,1950,4788
Argentina,1951,1404
Argentina,1952,982
Argentina,1953,309
Argentina,1954,256
Argentina,1955,55
Argentina,1956,86
Argentina,1957,335
Argentina,1958,27
Argentina,1967,23
Argentina,1968,0
Argentina,1969,0
Argentina,1970,24
Argentina,1971,0
Argentina,1972,0
Argentina,1973,0
Argentina,1974,0
Argentina,1975,0
Argentina,1976,0
Argentina,1977,0
Asia,1967,102454
Asia,1968,64739
Asia,1969,34853
Asia,1970,28209
Asia,1971,24601
Asia,1972,45342
Asia,1973,130108
Asia,1974,212311
Asia,1975,0
Asia,1976,0
Asia,1977,0
Austria,1920,253
Austria,1921,18
Austria,1922,4
Austria,1923,17
Austria,1924,1
Austria,1925,0
Austria,1926,0
Austria,1927,0
Austria,1928,0
Austria,1929,2
Austria,1930,0
Austria,1931,0
Austria,1932,0
Austria,1933,0
Austria,1934,0
Austria,1935,0
Austria,1936,0
Austria,1937,0
Austria,1938,0
Austria,1939,0
Austria,1940,0
Austria,1941,0
Austria,1942,0
Austria,1943,0
Austria,1944,0
Austria,1945,0
Austria,1946,2
Austria,1947,0
Austria,1948,0
Austria,1949,0
Austria,1950,0
Austria,1951,0
Austria,1952,0
Austria,1953,0
Austria,1954,0
Austria,1955,0
Austria,1956,0
Austria,1957,0
Austria,1958,0
Bangladesh,1950,21273
Bangladesh,1951,38871
Bangladesh,1952,10490
Bangladesh,1953,1102
Bangladesh,1954,445
Bangladesh,1955,1926
Bangladesh,1956,4962
Bangladesh,1957,24920
Bangladesh,1958,79060
Bangladesh,1959,15048
Bangladesh,1960,1905
Bangladesh,1961,660
Bangladesh,1962,610
Bangladesh,1963,3375
Bangladesh,1964,69
Bangladesh,1965,316
Bangladesh,1966,3207
Bangladesh,1967,6377
Bangladesh,1968,9255
Bangladesh,1969,1656
Bangladesh,1971,0
Bangladesh,1972,10754
Bangladesh,1973,32711
Bangladesh,1974,16485
Bangladesh,1975,13798
Bangladesh,1976,0
Bangladesh,1977,0
Belgium,1920,91
Belgium,1921,21
Belgium,1922,23
Belgium,1923,31
Belgium,1924,31
Belgium,1925,12
Belgium,1926,13
Belgium,1927,0
Belgium,1928,1
Belgium,1929,0
Belgium,1930,0
Belgium,1931,0
Belgium,1932,0
Belgium,1933,2
Belgium,1934,0
Belgium,1935,0
Belgium,1936,0
Belgium,1937,0
Belgium,1938,0
Belgium,1939,0
Belgium,1940,0
Belgium,1941,0
Belgium,1942,0
Belgium,1943,1
Belgium,1944,0
Belgium,1945,0
Belgium,1946,0
Belgium,1947,29
Belgium,1948,1
Belgium,1949,1
Belgium,1950,0
Belgium,1951,0
Belgium,1952,0
Belgium,1953,0
Belgium,1954,0
Belgium,1955,3
Belgium,1956,0
Belgium,1957,0
Belgium,1958,0
Bolivia,1931,716
Bolivia,1932,10
Bolivia,1933,293
Bolivia,1934,618
Bolivia,1935,490
Bolivia,1936,220
Bolivia,1937,289
Bolivia,1938,235
Bolivia,1939,348
Bolivia,1940,342
Bolivia,1941,211
Bolivia,1942,205
Bolivia,1943,300
Bolivia,1944,1159
Bolivia,1945,1793
Bolivia,1946,1033
Bolivia,1947,500
Bolivia,1948,831
Bolivia,1949,805
Bolivia,1950,644
Bolivia,1951,759
Bolivia,1952,590
Bolivia,1953,429
Bolivia,1954,624
Bolivia,1955,372
Bolivia,1956,499
Bolivia,1957,1310
Bolivia,1958,183
Botswana,1968,1
Botswana,1970,0
Botswana,1971,36
Botswana,1972,1059
Botswana,1973,27
Botswana,1974,0
Botswana,1975,0
Botswana,1976,0
Botswana,1977,0
Brazil,1924,13
Brazil,1925,746
Brazil,1926,4146
Brazil,1927,107
Brazil,1928,2
Brazil,1929,0
Brazil,1930,2
Brazil,1931,1
Brazil,1932,95
Brazil,1933,112
Brazil,1934,0
Brazil,1935,17
Brazil,1936,23
Brazil,1937,121
Brazil,1938,93
Brazil,1939,86
Brazil,1940,123
Brazil,1941,126
Brazil,1942,79
Brazil,1943,444
Brazil,1944,1234
Brazil,1945,830
Brazil,1946,1234
Brazil,1947,862
Brazil,1948,1288
Brazil,1949,670
Brazil,1950,749
Brazil,1951,1190
Brazil,1952,1668
Brazil,1953,923
Brazil,1954,1035
Brazil,1955,2580
Brazil,1956,4718
Brazil,1957,2661
Brazil,1958,2190
Brazil,1967,4353
Brazil,1968,4325
Brazil,1969,7044
Brazil,1970,1771
Brazil,1971,19
Brazil,1972,0
Brazil,1973,0
Brazil,1974,0
Brazil,1975,0
Brazil,1976,0
Brazil,1977,0
Bulgaria,1920,527
Bulgaria,1921,22
Bulgaria,1922,24
Bulgaria,1923,20
Bulgaria,1924,5
Bulgaria,1925,0
Bulgaria,1926,1
Bulgaria,1927,2
Bulgaria,1928,0
Bulgaria,1929,0
Bulgaria,1930,0
Bulgaria,1931,0
Bulgaria,1932,0
Bulgaria,1933,0
Bulgaria,1934,0
Bulgaria,1935,0
Bulgaria,1936,0
Bulgaria,1937,0
Bulgaria,1938,0
Bulgaria,1939,4
Bulgaria,1940,0
Bulgaria,1941,0
Bulgaria,1942,0
Bulgaria,1943,0
Bulgaria,1944,0
Bulgaria,1945,0
Bulgaria,1946,0
Bulgaria,1947,0
Bulgaria,1948,0
Bulgaria,1949,0
Bulgaria,1950,0
Bulgaria,1951,0
Bulgaria,1952,0
Bulgaria,1953,0
Bulgaria,1954,0
Bulgaria,1955,0
Bulgaria,1956,0
Bulgaria,1957,0
Bulgaria,1958,0
Burkina Faso,1967,90
Burkina Faso,1968,100
Burkina Faso,1969,0
Burkina Faso,1970,0
Burkina Faso,1971,0
Burkina Faso,1972,0
Burkina Faso,1973,0
Burkina Faso,1974,0
Burkina Faso,1975,0
Burkina Faso,1976,0
Burkina Faso,1977,0
Burma,1920,2853
Burma,1921,987
Burma,1922,1439
Burma,1923,2846
Burma,1924,2501
Burma,1925,3852
Burma,1926,2339
Burma,1927,1704
Burma,1928,7654
Burma,1929,8205
Burma,1930,3668
Burma,1931,2022
Burma,1932,11767
Burma,1933,7701
Burma,1934,6555
Burma,1935,4974
Burma,1936,5574
Burma,1937,6365
Burma,1938,2283
Burma,1939,702
Burma,1940,8739
Burma,1941,5593
Burma,1945,6778
Burma,1946,4834
Burma,1947,3939
Burma,1948,5905
Burma,1949,3465
Burma,1950,10222
Burma,1951,2748
Burma,1952,2411
Burma,1953,164
Burma,1954,216
Burma,1955,1675
Burma,1956,4226
Burma,1957,2739
Burma,1958,1897
Burma,1959,1533
Burma,1960,392
Burma,1961,91
Burma,1962,32
Burma,1963,193
Burma,1964,112
Burma,1965,53
Burma,1966,6
Burundi,1967,74
Burundi,1968,270
Burundi,1969,89
Burundi,1970,0
Burundi,1971,0
Burundi,1972,0
Burundi,1973,0
Burundi,1974,0
Burundi,1975,0
Burundi,1976,0
Burundi,1977,0
Cameroon,1925,32
Cameroon,1926,85
Cameroon,1927,138
Cameroon,1928,120
Cameroon,1929,32
Cameroon,1930,185
Cameroon,1931,265
Cameroon,1932,492
Cameroon,1933,475
Cameroon,1934,463
Cameroon,1935,138
Cameroon,1936,1061
Cameroon,1937,20
Cameroon,1938,271
Cameroon,1939,82
Cameroon,1940,1
Cameroon,1941,0
Cameroon,1942,3
Cameroon,1943,242
Cameroon,1944,1063
Cameroon,1945,931
Cameroon,1946,106
Cameroon,1947,139
Cameroon,1948,7
Cameroon,1949,55
Cameroon,1950,163
Cameroon,1951,721
Cameroon,1952,1106
Cameroon,1953,63
Cameroon,1954,197
Cameroon,1955,42
Cameroon,1956,42
Cameroon,1957,4
Cameroon,1958,5
Cameroon,1959,17
Cameroon,1960,0
Cameroon,1961,1145
Cameroon,1962,743
Cameroon,1963,135
Cameroon,1964,88
Cameroon,1965,28
Cameroon,1966,2
Cameroon,1967,72
Cameroon,1968,87
Cameroon,1969,15
Cameroon,1970,0
Cameroon,1971,0
Cameroon,1972,0
Cameroon,1973,0
Cameroon,1974,0
Cameroon,1975,0
Cameroon,1976,0
Cameroon,1977,0
Canada,1924,2791
Canada,1925,1248
Canada,1926,1535
Canada,1927,2845
Canada,1928,3337
Canada,1929,1952
Canada,1930,1292
Canada,1931,865
Canada,1932,347
Canada,1933,100
Canada,1934,17
Canada,1935,34
Canada,1936,62
Canada,1937,59
Canada,1938,120
Canada,1939,198
Canada,1940,11
Canada,1941,26
Canada,1942,6
Canada,1943,6
Canada,1944,0
Canada,1945,5
Canada,1946,2
Canada,1947,0
Canada,1948,0
Canada,1949,0
Canada,1950,0
Canada,1951,0
Canada,1952,0
Chad,1928,9
Chad,1930,139
Chad,1931,20
Chad,1932,25
Chad,1933,129
Chad,1934,42
Chad,1935,14
Chad,1936,32
Chad,1937,12
Chad,1938,28
Chad,1939,1208
Chad,1940,590
Chad,1941,1067
Chad,1942,3
Chad,1943,198
Chad,1944,2388
Chad,1945,1670
Chad,1946,243
Chad,1947,41
Chad,1948,12
Chad,1949,400
Chad,1950,460
Chad,1951,495
Chad,1952,2789
Chad,1953,680
Chad,1954,518
Chad,1955,259
Chad,1956,51
Chad,1957,54
Chad,1958,15
Chad,1959,17
Chad,1960,2
Chad,1961,502
Chad,1962,769
Chad,1963,10
Chad,1964,5
Chad,1965,73
Chad,1966,0
Chad,1967,86
Chad,1968,5
Chad,1969,0
Chad,1970,0
Chad,1971,0
Chad,1972,0
Chad,1973,0
Chad,1974,0
Chad,1975,0
Chad,1976,0
Chad,1977,0
Chile,1920,15
Chile,1921,11701
Chile,1922,8494
Chile,1923,3502
Chile,1924,410
Chile,1932,0
Chile,1933,0
Chile,1934,0
Chile,1935,7
Chile,1936,0
Chile,1937,5
Chile,1938,0
Chile,1939,0
Chile,1940,0
Chile,1941,0
Chile,1942,0
Chile,1943,0
Chile,1944,38
Chile,1945,0
Chile,1946,0
Chile,1947,0
Chile,1948,6
Chile,1949,9
Chile,1950,3564
Chile,1951,46
Chile,1952,15
Chile,1953,12
Chile,1954,1
Chile,1955,0
Chile,1956,0
Chile,1957,0
Chile,1958,0
China,1921,204
China,1922,230
China,1923,60
China,1924,262
China,1925,554
China,1926,513
China,1927,110
China,1928,853
China,1929,927
China,1930,547
China,1931,617
China,1932,2974
China,1933,2969
China,1934,2050
China,1935,502
China,1936,1189
China,1937,1444
China,1938,1621
China,1939,3551
China,1940,2563
China,1941,12720
China,1942,9863
China,1943,6466
China,1944,5681
China,1945,5464
China,1946,22790
China,1947,23164
China,1948,4806
China,1949,862
China,1950,50575
China,1951,61553
China,1952,10388
China,1953,3325
China,1954,856
China,1955,2576
China,1956,587
China,1957,315
China,1958,671
China,1959,476
China,1960,23
China,1961,28
China,1962,2
China,1963,283
China,1964,35
China,1965,4
China,1966,0
Colombia,1933,419
Colombia,1934,742
Colombia,1935,298
Colombia,1936,640
Colombia,1937,557
Colombia,1938,453
Colombia,1939,2787
Colombia,1940,1992
Colombia,1941,1334
Colombia,1942,1443
Colombia,1943,2659
Colombia,1944,1445
Colombia,1945,442
Colombia,1946,396
Colombia,1947,4903
Colombia,1948,7356
Colombia,1949,3040
Colombia,1950,4818
Colombia,1951,3844
Colombia,1952,3235
Colombia,1953,5526
Colombia,1954,7203
Colombia,1955,3404
Colombia,1956,2572
Colombia,1957,2145
Colombia,1958,2009
Costa Rica,1925,0
Costa Rica,1926,0
Costa Rica,1927,0
Costa Rica,1928,5
Costa Rica,1929,0
Costa Rica,1930,36
Costa Rica,1931,0
Costa Rica,1932,0
Costa Rica,1933,2
Costa Rica,1934,1
Costa Rica,1935,0
Costa Rica,1936,0
Costa Rica,1937,1
Costa Rica,1938,0
Costa Rica,1939,1
Costa Rica,1940,0
Costa Rica,1941,1
Costa Rica,1942,1
Costa Rica,1943,0
Costa Rica,1944,0
Costa Rica,1945,1
Costa Rica,1946,0
Costa Rica,1947,9
Costa Rica,1948,1
Costa Rica,1949,0
Costa Rica,1950,0
Costa Rica,1951,0
Costa Rica,1952,0
Costa Rica,1953,0
Costa Rica,1954,0
Costa Rica,1955,0
Costa Rica,1956,0
Costa Rica,1957,0
Costa Rica,1958,0
Cote d'Ivoire,1967,2
Cote d'Ivoire,1968,0
Cote d'Ivoire,1969,0
Cote d'Ivoire,1970,0
Cote d'Ivoire,1971,0
Cote d'Ivoire,1972,0
Cote d'Ivoire,1973,0
Cote d'Ivoire,1974,0
Cote d'Ivoire,1975,0
Cote d'Ivoire,1976,0
Cote d'Ivoire,1977,0
Czechoslovakia,1920,4529
Czechoslovakia,1921,1642
Czechoslovakia,1922,84
Czechoslovakia,1923,36
Czechoslovakia,1924,33
Czechoslovakia,1925,4
Czechoslovakia,1926,8
Czechoslovakia,1927,6
Czechoslovakia,1928,7
Czechoslovakia,1929,1
Czechoslovakia,1930,0
Czechoslovakia,1931,1
Czechoslovakia,1932,0
Czechoslovakia,1933,0
Czechoslovakia,1934,0
Czechoslovakia,1935,0
Czechoslovakia,1936,0
Czechoslovakia,1937,0
Czechoslovakia,1938,0
Czechoslovakia,1939,5
Czechoslovakia,1940,19
Czechoslovakia,1941,3
Czechoslovakia,1942,0
Czechoslovakia,1943,2
Czechoslovakia,1944,1
Czechoslovakia,1945,3
Czechoslovakia,1946,35
Czechoslovakia,1947,0
Czechoslovakia,1948,0
Czechoslovakia,1949,0
Czechoslovakia,1950,0
Czechoslovakia,1951,0
Czechoslovakia,1952,0
Czechoslovakia,1953,0
Czechoslovakia,1954,0
Czechoslovakia,1955,0
Czechoslovakia,1956,0
Czechoslovakia,1957,0
Czechoslovakia,1958,0
Democratic Republic of Congo,1920,507
Democratic Republic of Congo,1921,1497
Democratic Republic of Congo,1922,1040
Democratic Republic of Congo,1923,1956
Democratic Republic of Congo,1924,2371
Democratic Republic of Congo,1925,761
Democratic Republic of Congo,1926,9140
Democratic Republic of Congo,1927,2980
Democratic Republic of Congo,1928,1337
Democratic Republic of Congo,1929,1343
Democratic Republic of Congo,1930,1497
Democratic Republic of Congo,1931,1241
Democratic Republic of Congo,1932,2270
Democratic Republic of Congo,1933,3417
Democratic Republic of Congo,1934,3253
Democratic Republic of Congo,1935,2574
Democratic Republic of Congo,1936,2873
Democratic Republic of Congo,1937,3792
Democratic Republic of Congo,1938,3269
Democratic Republic of Congo,1939,6495
Democratic Republic of Congo,1940,6394
Democratic Republic of Congo,1941,4614
Democratic Republic of Congo,1942,2658
Democratic Republic of Congo,1943,4257
Democratic Republic of Congo,1944,2148
Democratic Republic of Congo,1945,6350
Democratic Republic of Congo,1946,4122
Democratic Republic of Congo,1947,2756
Democratic Republic of Congo,1948,2950
Democratic Republic of Congo,1949,2218
Democratic Republic of Congo,1950,4591
Democratic Republic of Congo,1951,2524
Democratic Republic of Congo,1952,2832
Democratic Republic of Congo,1953,4699
Democratic Republic of Congo,1954,5214
Democratic Republic of Congo,1955,6217
Democratic Republic of Congo,1956,4663
Democratic Republic of Congo,1957,1950
Democratic Republic of Congo,1958,1181
Democratic Republic of Congo,1959,3035
Democratic Republic of Congo,1960,1408
Democratic Republic of Congo,1961,3624
Democratic Republic of Congo,1962,3775
Democratic Republic of Congo,1963,5523
Democratic Republic of Congo,1964,3262
Democratic Republic of Congo,1965,3783
Democratic Republic of Congo,1966,1913
Democratic Republic of Congo,1967,1479
Democratic Republic of Congo,1968,3800
Democratic Republic of Congo,1969,1963
Democratic Republic of Congo,1970,716
Democratic Republic of Congo,1971,109
Democratic Republic of Congo,1972,0
Democratic Republic of Congo,1973,0
Democratic Republic of Congo,1974,0
Democratic Republic of Congo,1975,0
Democratic Republic of Congo,1976,0
Democratic Republic of Congo,1977,0
East Asia and Pacific,1920,17142
East Asia and Pacific,1921,12477
East Asia and Pacific,1922,8078
East Asia and Pacific,1923,14996
East Asia and Pacific,1924,12259
East Asia and Pacific,1925,15342
East Asia and Pacific,1926,9819
East Asia and Pacific,1927,5113
East Asia and Pacific,1928,11407
East Asia and Pacific,1929,16166
East Asia and Pacific,1930,11428
East Asia and Pacific,1931,6500
East Asia and Pacific,1932,22402
East Asia and Pacific,1933,19046
East Asia and Pacific,1934,14142
East Asia and Pacific,1935,10841
East Asia and Pacific,1936,10300
East Asia and Pacific,1937,11232
East Asia and Pacific,1938,11716
East Asia and Pacific,1939,10091
East Asia and Pacific,1940,17268
East Asia and Pacific,1941,25067
East Asia and Pacific,1942,16292
East Asia and Pacific,1943,13400
East Asia and Pacific,1944,10239
East Asia and Pacific,1945,50250
East Asia and Pacific,1946,98966
East Asia and Pacific,1947,38306
East Asia and Pacific,1948,17242
East Asia and Pacific,1949,30610
East Asia and Pacific,1950,163193
East Asia and Pacific,1951,212951
East Asia and Pacific,1952,28049
East Asia and Pacific,1953,12868
East Asia and Pacific,1954,7766
East Asia and Pacific,1955,8281
East Asia and Pacific,1956,9174
East Asia and Pacific,1957,5214
East Asia and Pacific,1958,5857
East Asia and Pacific,1959,5041
East Asia and Pacific,1960,5661
East Asia and Pacific,1961,5198
East Asia and Pacific,1962,3472
East Asia and Pacific,1963,17907
East Asia and Pacific,1964,17360
East Asia and Pacific,1965,56416
East Asia and Pacific,1966,35294
East Asia and Pacific,1967,12875
East Asia and Pacific,1968,17311
East Asia and Pacific,1969,16061
East Asia and Pacific,1970,10081
East Asia and Pacific,1971,2100
East Asia and Pacific,1972,0
East Asia and Pacific,1973,1
East Asia and Pacific,1974,1
East Asia and Pacific,1975,0
East Asia and Pacific,1976,0
East Asia and Pacific,1977,0
Ecuador,1923,158
Ecuador,1924,9
Ecuador,1925,1
Ecuador,1926,1
Ecuador,1927,16
Ecuador,1928,196
Ecuador,1929,31
Ecuador,1930,374
Ecuador,1931,505
Ecuador,1932,203
Ecuador,1933,234
Ecuador,1934,237
Ecuador,1935,89
Ecuador,1936,58
Ecuador,1937,401
Ecuador,1938,18
Ecuador,1939,23
Ecuador,1940,3
Ecuador,1942,10
Ecuador,1943,12
Ecuador,1944,28
Ecuador,1945,32
Ecuador,1946,144
Ecuador,1947,2846
Ecuador,1948,3616
Ecuador,1949,660
Ecuador,1950,251
Ecuador,1951,174
Ecuador,1952,665
Ecuador,1953,708
Ecuador,1954,2516
Ecuador,1955,1831
Ecuador,1956,669
Ecuador,1957,913
Ecuador,1958,863
Egypt,1886,416
Egypt,1887,509
Egypt,1888,416
Egypt,1889,1281
Egypt,1890,1193
Egypt,1891,623
Egypt,1892,1669
Egypt,1893,821
Egypt,1894,505
Egypt,1895,1723
Egypt,1896,2811
Egypt,1897,2580
Egypt,1898,1619
Egypt,1899,1724
Egypt,1900,2690
Egypt,1901,2221
Egypt,1902,1220
Egypt,1903,2357
Egypt,1904,4336
Egypt,1905,4186
Egypt,1906,1965
Egypt,1907,2130
Egypt,1908,2578
Egypt,1909,4096
Egypt,1910,3117
Egypt,1911,2824
Egypt,1912,1985
Egypt,1913,2934
Egypt,1914,7097
Egypt,1915,5222
Egypt,1916,2972
Egypt,1917,1567
Egypt,1918,1198
Egypt,1919,7895
Egypt,1920,3021
Egypt,1921,93
Egypt,1922,309
Egypt,1923,519
Egypt,1924,799
Egypt,1925,762
Egypt,1926,2676
Egypt,1927,240
Egypt,1928,20
Egypt,1929,26
Egypt,1930,14
Egypt,1931,10
Egypt,1932,609
Egypt,1933,5691
Egypt,1934,1344
Egypt,1935,165
Egypt,1936,3
Egypt,1937,1
Egypt,1938,1
Egypt,1939,0
Egypt,1940,2
Egypt,1941,0
Egypt,1942,0
Egypt,1943,4138
Egypt,1944,11194
Egypt,1945,1355
Egypt,1946,416
Egypt,1947,170
Egypt,1948,16
Egypt,1949,3
Egypt,1950,9
Egypt,1951,2
Egypt,1952,0
Egypt,1953,0
Egypt,1954,0
Egypt,1955,0
Egypt,1956,0
Egypt,1957,1
Egypt,1958,0
Egypt,1959,30
Egypt,1960,0
Egypt,1961,0
Egypt,1962,0
Egypt,1963,0
Egypt,1964,0
El Salvador,1925,0
El Salvador,1926,0
El Salvador,1927,0
El Salvador,1928,0
El Salvador,1929,0
El Salvador,1930,0
El Salvador,1931,6
El Salvador,1932,18
El Salvador,1933,37
El Salvador,1935,484
El Salvador,1936,246
El Salvador,1937,10
El Salvador,1938,19
El Salvador,1939,3
El Salvador,1940,1
El Salvador,1941,0
El Salvador,1947,0
El Salvador,1948,0
El Salvador,1949,0
El Salvador,1950,0
El Salvador,1951,0
El Salvador,1952,0
El Salvador,1953,0
El Salvador,1954,0
El Salvador,1955,0
El Salvador,1956,0
El Salvador,1957,0
El Salvador,1958,0
Eswatini,1967,16
Eswatini,1968,15
Eswatini,1969,0
Eswatini,1970,0
Eswatini,1971,0
Eswatini,1972,0
Eswatini,1973,0
Eswatini,1974,0
Eswatini,1975,0
Eswatini,1976,0
Eswatini,1977,0
Ethiopia,1931,41
Ethiopia,1932,36
Ethiopia,1933,7
Ethiopia,1934,4
Ethiopia,1935,27
Ethiopia,1936,276
Ethiopia,1937,459
Ethiopia,1938,31
Ethiopia,1939,201
Ethiopia,1940,164
Ethiopia,1941,0
Ethiopia,1942,1
Ethiopia,1943,7
Ethiopia,1944,11
Ethiopia,1945,13
Ethiopia,1946,4
Ethiopia,1947,65
Ethiopia,1948,43
Ethiopia,1949,15
Ethiopia,1950,62
Ethiopia,1951,44
Ethiopia,1952,80
Ethiopia,1953,178
Ethiopia,1954,834
Ethiopia,1955,2662
Ethiopia,1956,2832
Ethiopia,1957,1408
Ethiopia,1958,1604
Ethiopia,1959,990
Ethiopia,1960,1518
Ethiopia,1961,2586
Ethiopia,1962,551
Ethiopia,1963,733
Ethiopia,1964,300
Ethiopia,1965,124
Ethiopia,1966,358
Ethiopia,1967,466
Ethiopia,1968,426
Ethiopia,1969,179
Ethiopia,1970,722
Ethiopia,1971,25976
Ethiopia,1972,16999
Ethiopia,1973,5414
Ethiopia,1974,4436
Ethiopia,1975,3935
Ethiopia,1976,915
Ethiopia,1977,0
Europe,1967,5
Europe,1968,2
Europe,1969,0
Europe,1970,0
Europe,1971,0
Europe,1972,0
Europe,1973,0
Europe,1974,0
Europe,1975,0
Europe,1976,0
Europe,1977,0
Europe and Central Asia,1920,173104
Europe and Central Asia,1921,118428
Europe and Central Asia,1922,78829
Europe and Central Asia,1923,59195
Europe and Central Asia,1924,37244
Europe and Central Asia,1925,26067
Europe and Central Asia,1926,27907
Europe and Central Asia,1927,30578
Europe and Central Asia,1928,24066
Europe and Central Asia,1929,20713
Europe and Central Asia,1930,17446
Europe and Central Asia,1931,18561
Europe and Central Asia,1932,22777
Europe and Central Asia,1933,5439
Europe and Central Asia,1934,5085
Europe and Central Asia,1935,4350
Europe and Central Asia,1936,1466
Europe and Central Asia,1937,701
Europe and Central Asia,1938,1448
Europe and Central Asia,1939,2660
Europe and Central Asia,1940,3739
Europe and Central Asia,1941,2058
Europe and Central Asia,1942,2798
Europe and Central Asia,1943,13718
Europe and Central Asia,1944,9780
Europe and Central Asia,1945,3913
Europe and Central Asia,1946,1818
Europe and Central Asia,1947,1044
Europe and Central Asia,1948,409
Europe and Central Asia,1949,163
Europe and Central Asia,1950,128
Europe and Central Asia,1951,619
Europe and Central Asia,1952,251
Europe and Central Asia,1953,41
Europe and Central Asia,1954,42
Europe and Central Asia,1955,73
Europe and Central Asia,1956,70
Europe and Central Asia,1957,141
Europe and Central Asia,1958,32
Europe and Central Asia,1959,0
Europe and Central Asia,1960,0
Europe and Central Asia,1961,0
Europe and Central Asia,1962,0
Europe and Central Asia,1963,0
Europe and Central Asia,1964,0
Europe and Central Asia,1965,0
Europe and Central Asia,1966,0
Europe and Central Asia,1967,0
Europe and Central Asia,1968,0
Europe and Central Asia,1969,0
Europe and Central Asia,1970,0
Europe and Central Asia,1971,0
Europe and Central Asia,1972,0
Europe and Central Asia,1973,0
Europe and Central Asia,1974,0
Europe and Central Asia,1975,0
Europe and Central Asia,1976,0
Europe and Central Asia,1977,0
Finland,1920,77
Finland,1921,27
Finland,1922,91
Finland,1923,12
Finland,1924,2
Finland,1925,2
Finland,1926,1
Finland,1927,0
Finland,1928,2
Finland,1929,1
Finland,1930,3
Finland,1931,5
Finland,1932,4
Finland,1933,2
Finland,1934,1
Finland,1935,2
Finland,1936,38
Finland,1937,2
Finland,1938,0
Finland,1939,0
Finland,1940,0
Finland,1941,1
Finland,1942,0
Finland,1943,0
Finland,1944,0
Finland,1945,0
Finland,1946,0
Finland,1947,0
Finland,1948,0
Finland,1949,0
Finland,1950,0
Finland,1951,0
Finland,1952,0
Finland,1953,0
Finland,1954,0
Finland,1955,0
Finland,1956,0
Finland,1957,0
Finland,1958,0
"French West Africa (Benin, Burkina Faso, Cote d'Ivoire, Guinea, Mali, Mauritania, Niger, Senegal)",1925,1595
"French West Africa (Benin, Burkina Faso, Cote d'Ivoire, Guinea, Mali, Mauritania, Niger, Senegal)",1926,767
"French West Africa (Benin, Burkina Faso, Cote d'Ivoire, Guinea, Mali, Mauritania, Niger, Senegal)",1927,3009
"French West Africa (Benin, Burkina Faso, Cote d'Ivoire, Guinea, Mali, Mauritania, Niger, Senegal)",1928,2319
"French West Africa (Benin, Burkina Faso, Cote d'Ivoire, Guinea, Mali, Mauritania, Niger, Senegal)",1929,1586
"French West Africa (Benin, Burkina Faso, Cote d'Ivoire, Guinea, Mali, Mauritania, Niger, Senegal)",1930,4084
"French West Africa (Benin, Burkina Faso, Cote d'Ivoire, Guinea, Mali, Mauritania, Niger, Senegal)",1931,1810
"French West Africa (Benin, Burkina Faso, Cote d'Ivoire, Guinea, Mali, Mauritania, Niger, Senegal)",1932,1850
"French West Africa (Benin, Burkina Faso, Cote d'Ivoire, Guinea, Mali, Mauritania, Niger, Senegal)",1933,2635
"French West Africa (Benin, Burkina Faso, Cote d'Ivoire, Guinea, Mali, Mauritania, Niger, Senegal)",1934,2296
"French West Africa (Benin, Burkina Faso, Cote d'Ivoire, Guinea, Mali, Mauritania, Niger, Senegal)",1935,4691
"French West Africa (Benin, Burkina Faso, Cote d'Ivoire, Guinea, Mali, Mauritania, Niger, Senegal)",1936,3909
"French West Africa (Benin, Burkina Faso, Cote d'Ivoire, Guinea, Mali, Mauritania, Niger, Senegal)",1937,3128
"French West Africa (Benin, Burkina Faso, Cote d'Ivoire, Guinea, Mali, Mauritania, Niger, Senegal)",1938,2348
"French West Africa (Benin, Burkina Faso, Cote d'Ivoire, Guinea, Mali, Mauritania, Niger, Senegal)",1939,2353
"French West Africa (Benin, Burkina Faso, Cote d'Ivoire, Guinea, Mali, Mauritania, Niger, Senegal)",1940,1620
"French West Africa (Benin, Burkina Faso, Cote d'Ivoire, Guinea, Mali, Mauritania, Niger, Senegal)",1941,980
"French West Africa (Benin, Burkina Faso, Cote d'Ivoire, Guinea, Mali, Mauritania, Niger, Senegal)",1942,2007
"French West Africa (Benin, Burkina Faso, Cote d'Ivoire, Guinea, Mali, Mauritania, Niger, Senegal)",1943,7584
"French West Africa (Benin, Burkina Faso, Cote d'Ivoire, Guinea, Mali, Mauritania, Niger, Senegal)",1944,4787
"French West Africa (Benin, Burkina Faso, Cote d'Ivoire, Guinea, Mali, Mauritania, Niger, Senegal)",1945,7442
"French West Africa (Benin, Burkina Faso, Cote d'Ivoire, Guinea, Mali, Mauritania, Niger, Senegal)",1946,7734
"French West Africa (Benin, Burkina Faso, Cote d'Ivoire, Guinea, Mali, Mauritania, Niger, Senegal)",1947,7821
"French West Africa (Benin, Burkina Faso, Cote d'Ivoire, Guinea, Mali, Mauritania, Niger, Senegal)",1948,2713
"French West Africa (Benin, Burkina Faso, Cote d'Ivoire, Guinea, Mali, Mauritania, Niger, Senegal)",1949,1890
"French West Africa (Benin, Burkina Faso, Cote d'Ivoire, Guinea, Mali, Mauritania, Niger, Senegal)",1950,3542
"French West Africa (Benin, Burkina Faso, Cote d'Ivoire, Guinea, Mali, Mauritania, Niger, Senegal)",1951,4046
"French West Africa (Benin, Burkina Faso, Cote d'Ivoire, Guinea, Mali, Mauritania, Niger, Senegal)",1952,7254
"French West Africa (Benin, Burkina Faso, Cote d'Ivoire, Guinea, Mali, Mauritania, Niger, Senegal)",1953,4659
"French West Africa (Benin, Burkina Faso, Cote d'Ivoire, Guinea, Mali, Mauritania, Niger, Senegal)",1954,3764
"French West Africa (Benin, Burkina Faso, Cote d'Ivoire, Guinea, Mali, Mauritania, Niger, Senegal)",1955,3958
"French West Africa (Benin, Burkina Faso, Cote d'Ivoire, Guinea, Mali, Mauritania, Niger, Senegal)",1956,5948
"French West Africa (Benin, Burkina Faso, Cote d'Ivoire, Guinea, Mali, Mauritania, Niger, Senegal)",1957,12693
"French West Africa (Benin, Burkina Faso, Cote d'Ivoire, Guinea, Mali, Mauritania, Niger, Senegal)",1958,6676
"French West Africa (Benin, Burkina Faso, Cote d'Ivoire, Guinea, Mali, Mauritania, Niger, Senegal)",1959,5751
"French West Africa (Benin, Burkina Faso, Cote d'Ivoire, Guinea, Mali, Mauritania, Niger, Senegal)",1960,6107
"French West Africa (Benin, Burkina Faso, Cote d'Ivoire, Guinea, Mali, Mauritania, Niger, Senegal)",1961,10890
"French West Africa (Benin, Burkina Faso, Cote d'Ivoire, Guinea, Mali, Mauritania, Niger, Senegal)",1962,9602
"French West Africa (Benin, Burkina Faso, Cote d'Ivoire, Guinea, Mali, Mauritania, Niger, Senegal)",1963,2868
"French West Africa (Benin, Burkina Faso, Cote d'Ivoire, Guinea, Mali, Mauritania, Niger, Senegal)",1964,2329
"French West Africa (Benin, Burkina Faso, Cote d'Ivoire, Guinea, Mali, Mauritania, Niger, Senegal)",1965,1372
"French West Africa (Benin, Burkina Faso, Cote d'Ivoire, Guinea, Mali, Mauritania, Niger, Senegal)",1966,2005
Germany,1920,2115
Germany,1921,689
Germany,1922,215
Germany,1923,17
Germany,1924,16
Germany,1925,24
Germany,1926,7
Germany,1927,4
Germany,1928,5
Germany,1929,2
Germany,1930,2
Germany,1931,0
Germany,1932,3
Germany,1933,0
Germany,1934,0
Germany,1935,1
Germany,1936,0
Germany,1937,0
Germany,1938,0
Germany,1939,0
Germany,1940,0
Germany,1941,0
Germany,1942,1
Germany,1943,1
Germany,1944,0
Germany,1945,0
Germany,1946,2
Germany,1947,7
Germany,1948,3
Germany,1949,3
Germany,1950,0
Germany,1951,0
Germany,1952,0
Germany,1953,0
Germany,1954,0
Germany,1955,0
Germany,1956,0
Germany,1957,0
Germany,1958,6
Ghana,1920,300
Ghana,1923,13
Ghana,1924,153
Ghana,1925,1468
Ghana,1926,883
Ghana,1927,57
Ghana,1928,8
Ghana,1929,184
Ghana,1930,185
Ghana,1931,378
Ghana,1932,12
Ghana,1933,1
Ghana,1934,48
Ghana,1935,0
Ghana,1936,59
Ghana,1937,43
Ghana,1938,123
Ghana,1939,389
Ghana,1940,77
Ghana,1941,1470
Ghana,1942,2025
Ghana,1943,20
Ghana,1944,143
Ghana,1945,702
Ghana,1946,1646
Ghana,1947,840
Ghana,1948,1269
Ghana,1949,91
Ghana,1950,353
Ghana,1951,478
Ghana,1952,695
Ghana,1953,865
Ghana,1954,79
Ghana,1955,59
Ghana,1956,251
Ghana,1957,154
Ghana,1958,161
Ghana,1959,104
Ghana,1960,139
Ghana,1961,70
Ghana,1962,145
Ghana,1963,23
Ghana,1964,9
Ghana,1965,7
Ghana,1966,13
Ghana,1967,114
Ghana,1968,26
Ghana,1969,0
Ghana,1970,0
Ghana,1971,0
Ghana,1972,0
Ghana,1973,0
Ghana,1974,0
Ghana,1975,0
Ghana,1976,0
Ghana,1977,0
Greece,1921,250
Greece,1922,292
Greece,1923,2101
Greece,1924,250
Greece,1925,16
Greece,1926,27
Greece,1927,102
Greece,1928,24
Greece,1929,7
Greece,1930,27
Greece,1931,12
Greece,1932,8
Greece,1933,9
Greece,1934,10
Greece,1935,9
Greece,1936,2
Greece,1937,3
Greece,1938,0
Greece,1939,0
Greece,1940,4
Greece,1941,0
Greece,1942,0
Greece,1943,831
Greece,1944,329
Greece,1945,0
Greece,1946,2
Greece,1947,0
Greece,1948,0
Greece,1949,0
Greece,1950,13
Greece,1951,0
Greece,1952,0
Greece,1953,0
Greece,1954,0
Greece,1955,0
Greece,1956,0
Greece,1957,0
Greece,1958,0
Guatemala,1927,96
Guatemala,1930,10
Guatemala,1931,29
Guatemala,1932,23
Guatemala,1933,9
Guatemala,1934,38
Guatemala,1935,40
Guatemala,1936,52
Guatemala,1937,21
Guatemala,1938,60
Guatemala,1939,11
Guatemala,1940,8
Guatemala,1941,6
Guatemala,1942,1
Guatemala,1943,6
Guatemala,1944,9
Guatemala,1945,5
Guatemala,1946,9
Guatemala,1947,11
Guatemala,1948,12
Guatemala,1949,10
Guatemala,1950,10
Guatemala,1951,3
Guatemala,1952,1
Guatemala,1953,4
Guatemala,1954,0
Guatemala,1955,0
Guatemala,1956,0
Guatemala,1957,0
Guatemala,1958,0
Guinea,1967,1530
Guinea,1968,330
Guinea,1969,16
Guinea,1970,0
Guinea,1971,0
Guinea,1972,0
Guinea,1973,0
Guinea,1974,0
Guinea,1975,0
Guinea,1976,0
Guinea,1977,0
Honduras,1926,0
Honduras,1927,0
Honduras,1928,0
Honduras,1929,0
Honduras,1930,0
Honduras,1931,0
Honduras,1932,124
Honduras,1933,38
Honduras,1934,15
Honduras,1935,8
Honduras,1938,3
Honduras,1939,3
Honduras,1941,6
Honduras,1942,0
Honduras,1943,2
Honduras,1944,9
Honduras,1945,8
Honduras,1946,1
Honduras,1947,0
Honduras,1948,0
Honduras,1949,0
Honduras,1950,82
Honduras,1951,105
Honduras,1952,23
Honduras,1953,0
Honduras,1954,0
Honduras,1955,0
Honduras,1956,0
Honduras,1957,0
Honduras,1958,0
Hungary,1921,131
Hungary,1922,2
Hungary,1923,9
Hungary,1924,11
Hungary,1925,10
Hungary,1926,2
Hungary,1927,4
Hungary,1928,1
Hungary,1929,0
Hungary,1930,0
Hungary,1931,2
Hungary,1932,0
Hungary,1933,0
Hungary,1934,0
Hungary,1935,0
Hungary,1936,0
Hungary,1937,0
Hungary,1938,0
Hungary,1939,0
Hungary,1940,0
Hungary,1941,0
Hungary,1942,0
Hungary,1943,0
Hungary,1944,0
Hungary,1945,0
Hungary,1946,0
Hungary,1947,0
Hungary,1948,0
Hungary,1949,0
Hungary,1950,0
Hungary,1951,0
Hungary,1952,0
Hungary,1953,0
Hungary,1954,0
Hungary,1955,0
Hungary,1956,0
Hungary,1957,0
Hungary,1958,0
India,1925,175490
India,1926,220221
India,1927,222615
India,1928,165458
India,1929,148827
India,1930,232331
India,1931,89249
India,1932,115967
India,1933,252746
India,1934,263276
India,1935,282346
India,1936,218323
India,1937,105209
India,1938,89341
India,1939,133616
India,1940,188192
India,1941,143515
India,1942,76882
India,1943,136826
India,1944,328466
India,1945,289074
India,1946,146431
India,1947,69039
India,1948,73422
India,1949,74930
India,1950,157487
India,1951,253332
India,1952,74836
India,1953,37311
India,1954,46619
India,1955,41837
India,1956,45109
India,1957,78666
India,1958,168216
India,1959,47693
India,1960,31091
India,1961,45380
India,1962,55595
India,1963,83423
India,1964,40265
India,1965,33402
India,1966,32616
India,1967,77974
India,1968,35165
India,1969,14145
India,1970,12341
India,1971,15742
India,1972,27407
India,1973,88114
India,1974,187967
India,1975,1436
India,1976,0
India,1977,0
Indochina,1925,4753
Indochina,1926,2658
Indochina,1927,745
Indochina,1928,1432
Indochina,1929,4954
Indochina,1930,4919
Indochina,1931,2058
Indochina,1932,3968
Indochina,1933,2969
Indochina,1934,4598
Indochina,1935,3655
Indochina,1936,1872
Indochina,1937,3053
Indochina,1938,7403
Indochina,1939,4772
Indochina,1940,1884
Indochina,1941,1272
Indochina,1942,4315
Indochina,1943,5060
Indochina,1944,1668
Indochina,1946,2525
Indochina,1947,4572
Indochina,1948,2569
Indochina,1949,2644
Indochina,1950,396
Indochina,1951,4336
Indochina,1952,4024
Indochina,1953,3385
Indochina,1954,4007
Indochina,1955,2390
Indochina,1956,1531
Indochina,1957,597
Indochina,1958,53
Indochina,1959,17
Indochina,1960,0
Indochina,1961,0
Indochina,1962,1
Indochina,1963,0
Indochina,1964,0
Indochina,1965,0
Indochina,1966,0
Indonesia,1920,2400
Indonesia,1921,1445
Indonesia,1922,1236
Indonesia,1923,4922
Indonesia,1924,6717
Indonesia,1925,4681
Indonesia,1926,855
Indonesia,1927,766
Indonesia,1928,298
Indonesia,1929,614
Indonesia,1930,419
Indonesia,1931,176
Indonesia,1932,562
Indonesia,1933,57
Indonesia,1934,9
Indonesia,1935,43
Indonesia,1936,80
Indonesia,1937,1
Indonesia,1938,12
Indonesia,1939,2
Indonesia,1940,6
Indonesia,1948,1701
Indonesia,1949,13413
Indonesia,1950,99016
Indonesia,1951,100952
Indonesia,1952,9802
Indonesia,1953,2584
Indonesia,1954,1875
Indonesia,1955,1530
Indonesia,1956,2817
Indonesia,1957,1550
Indonesia,1958,3202
Indonesia,1959,1129
Indonesia,1960,5196
Indonesia,1961,5045
Indonesia,1962,3435
Indonesia,1963,17431
Indonesia,1964,17213
Indonesia,1965,56359
Indonesia,1966,35283
Indonesia,1967,12875
Indonesia,1968,17311
Indonesia,1969,16061
Indonesia,1970,10081
Indonesia,1971,2100
Indonesia,1972,0
Indonesia,1973,0
Indonesia,1974,0
Indonesia,1975,0
Indonesia,1976,0
Indonesia,1977,0
Iran,1929,446
Iran,1930,191
Iran,1931,552
Iran,1932,1745
Iran,1933,765
Iran,1934,203
Iran,1935,91
Iran,1936,84
Iran,1937,34
Iran,1938,25
Iran,1939,278
Iran,1940,316
Iran,1941,43
Iran,1942,384
Iran,1943,1150
Iran,1944,1341
Iran,1945,266
Iran,1946,114
Iran,1947,849
Iran,1948,1182
Iran,1949,509
Iran,1950,439
Iran,1951,295
Iran,1952,237
Iran,1953,142
Iran,1954,98
Iran,1955,2500
Iran,1956,1900
Iran,1957,1100
Iran,1958,540
Iran,1959,253
Iran,1960,341
Iran,1961,96
Iran,1962,16
Iran,1963,6
Iran,1970,0
Iran,1971,29
Iran,1972,0
Iran,1973,0
Iran,1974,0
Iran,1975,0
Iran,1976,0
Iran,1977,0
Iraq,1921,475
Iraq,1922,1862
Iraq,1923,1692
Iraq,1924,459
Iraq,1925,832
Iraq,1926,1062
Iraq,1927,761
Iraq,1928,1956
Iraq,1929,2374
Iraq,1930,762
Iraq,1931,744
Iraq,1932,2318
Iraq,1933,1260
Iraq,1934,387
Iraq,1935,264
Iraq,1936,198
Iraq,1937,28
Iraq,1938,39
Iraq,1939,111
Iraq,1940,1079
Iraq,1941,2089
Iraq,1942,896
Iraq,1943,282
Iraq,1944,138
Iraq,1945,90
Iraq,1946,18
Iraq,1947,65
Iraq,1948,1740
Iraq,1949,707
Iraq,1950,272
Iraq,1951,469
Iraq,1952,157
Iraq,1953,251
Iraq,1954,22
Iraq,1955,72
Iraq,1956,2173
Iraq,1957,1924
Iraq,1958,6
Iraq,1959,23
Iraq,1960,0
Iraq,1961,0
Iraq,1962,0
Iraq,1963,0
Iraq,1971,0
Iraq,1972,0
Iraq,1973,0
Iraq,1974,0
Iraq,1975,0
Iraq,1976,0
Iraq,1977,0
Italy,1920,26453
Italy,1921,4644
Italy,1922,534
Italy,1923,495
Italy,1924,432
Italy,1925,195
Italy,1926,112
Italy,1927,60
Italy,1928,98
Italy,1929,6
Italy,1930,2
Italy,1938,0
Italy,1939,4
Italy,1940,0
Italy,1943,0
Italy,1944,2878
Italy,1945,3116
Italy,1946,772
Italy,1947,44
Italy,1948,9
Italy,1949,4
Italy,1950,1
Italy,1951,0
Italy,1952,0
Italy,1953,0
Italy,1954,0
Italy,1955,0
Italy,1956,0
Italy,1957,8
Italy,1958,0
Japan,1892,3372
Japan,1893,41898
Japan,1894,12418
Japan,1895,1287
Japan,1896,10704
Japan,1897,41946
Japan,1898,1752
Japan,1899,1215
Japan,1900,181
Japan,1901,92
Japan,1902,46
Japan,1903,72
Japan,1904,1118
Japan,1905,278
Japan,1906,496
Japan,1907,1034
Japan,1908,18067
Japan,1909,106
Japan,1910,80
Japan,1911,202
Japan,1912,14
Japan,1913,108
Japan,1914,485
Japan,1915,17
Japan,1920,167
Japan,1921,889
Japan,1922,679
Japan,1923,1922
Japan,1924,1703
Japan,1925,430
Japan,1926,1256
Japan,1927,352
Japan,1928,723
Japan,1929,114
Japan,1930,7
Japan,1931,21
Japan,1932,305
Japan,1933,375
Japan,1934,320
Japan,1935,183
Japan,1936,178
Japan,1937,90
Japan,1938,60
Japan,1939,287
Japan,1940,575
Japan,1941,654
Japan,1942,381
Japan,1943,546
Japan,1944,311
Japan,1945,1614
Japan,1946,17800
Japan,1947,386
Japan,1948,29
Japan,1949,124
Japan,1950,5
Japan,1951,86
Japan,1952,2
Japan,1953,6
Japan,1954,2
Japan,1955,1
Japan,1956,0
Japan,1957,0
Japan,1958,0
Japan,1959,0
Japan,1960,0
Japan,1961,0
Japan,1962,0
Japan,1963,0
Japan,1964,0
Japan,1965,0
Japan,1966,0
Japan,1967,0
Japan,1968,0
Japan,1969,0
Japan,1970,0
Japan,1971,0
Japan,1972,0
Japan,1973,1
Japan,1974,1
Japan,1975,0
Japan,1976,0
Japan,1977,0
Kenya,1920,217
Kenya,1921,200
Kenya,1923,108
Kenya,1924,1
Kenya,1925,278
Kenya,1926,4
Kenya,1927,29
Kenya,1928,5
Kenya,1929,1
Kenya,1930,30
Kenya,1931,0
Kenya,1932,0
Kenya,1933,3
Kenya,1934,1800
Kenya,1935,15
Kenya,1936,1
Kenya,1937,200
Kenya,1938,0
Kenya,1939,0
Kenya,1940,0
Kenya,1941,0
Kenya,1942,0
Kenya,1943,3551
Kenya,1944,3372
Kenya,1945,764
Kenya,1946,824
Kenya,1947,479
Kenya,1948,133
Kenya,1949,45
Kenya,1950,10
Kenya,1951,4
Kenya,1952,0
Kenya,1953,0
Kenya,1954,14
Kenya,1955,101
Kenya,1956,660
Kenya,1957,1108
Kenya,1958,796
Kenya,1959,572
Kenya,1960,397
Kenya,1961,289
Kenya,1962,95
Kenya,1963,249
Kenya,1964,273
Kenya,1965,276
Kenya,1966,159
Kenya,1967,153
Kenya,1968,85
Kenya,1969,9
Kenya,1970,0
Kenya,1971,0
Kenya,1972,0
Kenya,1973,0
Kenya,1974,4
Kenya,1975,0
Kenya,1976,0
Kenya,1977,5
Korea,1920,11532
Korea,1921,8316
Korea,1922,3676
Korea,1923,3722
Korea,1924,439
Korea,1925,699
Korea,1926,1010
Korea,1927,626
Korea,1928,290
Korea,1929,523
Korea,1930,1418
Korea,1931,1376
Korea,1932,2787
Korea,1933,4928
Korea,1934,450
Korea,1935,1273
Korea,1936,1400
Korea,1937,204
Korea,1938,39
Korea,1939,625
Korea,1940,3265
Korea,1941,4720
Korea,1942,1600
Korea,1943,1284
Korea,1944,1654
Korea,1946,20810
Korea,1947,402
Korea,1948,1197
Korea,1949,9949
Korea,1950,2349
Korea,1951,43213
Korea,1952,1377
Korea,1953,3349
Korea,1954,790
Korea,1955,2
Korea,1956,9
Korea,1957,10
Korea,1958,6
Korea,1959,0
Korea,1960,3
Korea,1961,1
Korea,1962,0
Korea,1963,0
Korea,1964,0
Korea,1965,0
Korea,1966,0
Kuwait,1967,41
Kuwait,1968,0
Kuwait,1969,0
Kuwait,1970,0
Kuwait,1971,0
Kuwait,1972,0
Kuwait,1973,0
Kuwait,1974,0
Kuwait,1975,0
Kuwait,1976,0
Kuwait,1977,0
Latin America and Caribbean,1920,40
Latin America and Caribbean,1921,11947
Latin America and Caribbean,1922,20474
Latin America and Caribbean,1923,17303
Latin America and Caribbean,1924,13572
Latin America and Caribbean,1925,11770
Latin America and Caribbean,1926,9628
Latin America and Caribbean,1927,6860
Latin America and Caribbean,1928,8999
Latin America and Caribbean,1929,11735
Latin America and Caribbean,1930,17855
Latin America and Caribbean,1931,16283
Latin America and Caribbean,1932,10106
Latin America and Caribbean,1933,7608
Latin America and Caribbean,1934,11593
Latin America and Caribbean,1935,7101
Latin America and Caribbean,1936,6812
Latin America and Caribbean,1937,5285
Latin America and Caribbean,1938,4665
Latin America and Caribbean,1939,9508
Latin America and Caribbean,1940,5181
Latin America and Caribbean,1941,7639
Latin America and Caribbean,1942,8734
Latin America and Caribbean,1943,9541
Latin America and Caribbean,1944,8388
Latin America and Caribbean,1945,6428
Latin America and Caribbean,1946,6599
Latin America and Caribbean,1947,16750
Latin America and Caribbean,1948,27694
Latin America and Caribbean,1949,16716
Latin America and Caribbean,1950,22802
Latin America and Caribbean,1951,9625
Latin America and Caribbean,1952,9805
Latin America and Caribbean,1953,8950
Latin America and Caribbean,1954,12077
Latin America and Caribbean,1955,8349
Latin America and Caribbean,1956,8722
Latin America and Caribbean,1957,7469
Latin America and Caribbean,1958,5301
Latin America and Caribbean,1959,0
Latin America and Caribbean,1960,0
Latin America and Caribbean,1961,0
Latin America and Caribbean,1962,0
Latin America and Caribbean,1963,0
Latin America and Caribbean,1964,0
Latin America and Caribbean,1965,0
Latin America and Caribbean,1966,0
Latin America and Caribbean,1967,4376
Latin America and Caribbean,1968,4327
Latin America and Caribbean,1969,7046
Latin America and Caribbean,1970,1795
Latin America and Caribbean,1971,19
Latin America and Caribbean,1972,0
Latin America and Caribbean,1973,0
Latin America and Caribbean,1974,0
Latin America and Caribbean,1975,0
Latin America and Caribbean,1976,0
Latin America and Caribbean,1977,0
Liberia,1934,274
Liberia,1936,104
Liberia,1946,87
Liberia,1947,14
Liberia,1948,0
Liberia,1949,5
Liberia,1950,0
Liberia,1951,0
Liberia,1957,230
Liberia,1958,1717
Liberia,1959,1869
Liberia,1960,136
Liberia,1961,1116
Liberia,1962,325
Liberia,1963,88
Liberia,1964,258
Liberia,1965,40
Liberia,1966,32
Liberia,1967,6
Liberia,1968,5
Liberia,1969,0
Liberia,1970,0
Liberia,1971,0
Liberia,1972,0
Liberia,1973,0
Liberia,1974,0
Liberia,1975,0
Liberia,1976,0
Liberia,1977,0
Libya,1924,69
Libya,1925,77
Libya,1926,29
Libya,1927,7
Libya,1928,3
Libya,1929,0
Libya,1930,0
Libya,1931,7
Libya,1932,2
Libya,1933,0
Libya,1934,0
Libya,1935,0
Libya,1936,0
Libya,1937,0
Libya,1938,0
Libya,1939,9
Libya,1942,0
Libya,1943,6
Libya,1944,89
Libya,1945,104
Libya,1946,1450
Libya,1947,2400
Libya,1948,236
Libya,1949,0
Libya,1950,0
Libya,1951,0
Libya,1952,0
Libya,1953,1
Libya,1954,51
Libya,1955,0
Libya,1956,0
Libya,1957,2
Libya,1958,0
Libya,1959,0
Libya,1960,0
Libya,1961,0
Libya,1962,0
Libya,1963,0
Libya,1964,0
Madagascar,1921,0
Madagascar,1922,0
Madagascar,1923,0
Madagascar,1924,0
Madagascar,1925,25
Madagascar,1926,6
Madagascar,1927,15
Madagascar,1928,11
Madagascar,1929,10
Madagascar,1930,5
Madagascar,1931,21
Madagascar,1932,0
Madagascar,1933,0
Madagascar,1934,1
Madagascar,1935,0
Madagascar,1938,0
Madagascar,1939,0
Madagascar,1940,0
Madagascar,1941,0
Madagascar,1942,0
Madagascar,1943,0
Madagascar,1944,0
Madagascar,1945,0
Madagascar,1946,0
Madagascar,1947,0
Madagascar,1948,0
Madagascar,1949,0
Madagascar,1950,0
Madagascar,1951,0
Madagascar,1952,0
Madagascar,1953,0
Madagascar,1954,0
Madagascar,1955,0
Madagascar,1956,0
Madagascar,1957,0
Madagascar,1958,0
Madagascar,1959,0
Madagascar,1960,0
Madagascar,1961,0
Madagascar,1962,0
Madagascar,1963,0
Madagascar,1964,0
Madagascar,1965,0
Madagascar,1966,0
Malawi,1923,14
Malawi,1925,0
Malawi,1926,0
Malawi,1927,11
Malawi,1928,20
Malawi,1929,1093
Malawi,1930,4762
Malawi,1931,7414
Malawi,1932,4106
Malawi,1933,3412
Malawi,1934,814
Malawi,1935,170
Malawi,1936,190
Malawi,1937,94
Malawi,1938,9
Malawi,1939,44
Malawi,1940,74
Malawi,1941,6
Malawi,1942,0
Malawi,1943,13
Malawi,1944,1
Malawi,1945,202
Malawi,1946,968
Malawi,1947,1583
Malawi,1948,4830
Malawi,1949,1264
Malawi,1950,295
Malawi,1951,122
Malawi,1952,7
Malawi,1953,6
Malawi,1954,5
Malawi,1955,28
Malawi,1956,248
Malawi,1957,320
Malawi,1958,196
Malawi,1959,559
Malawi,1960,795
Malawi,1961,1465
Malawi,1962,634
Malawi,1963,455
Malawi,1964,720
Malawi,1965,226
Malawi,1966,88
Malawi,1967,38
Malawi,1968,61
Malawi,1969,64
Malawi,1970,0
Malawi,1971,0
Malawi,1972,0
Malawi,1973,0
Malawi,1974,0
Malawi,1975,0
Malawi,1976,0
Malawi,1977,0
Malaysia,1920,105
Malaysia,1921,232
Malaysia,1922,346
Malaysia,1923,73
Malaysia,1924,49
Malaysia,1925,66
Malaysia,1926,45
Malaysia,1927,391
Malaysia,1928,27
Malaysia,1929,57
Malaysia,1930,202
Malaysia,1931,193
Malaysia,1932,19
Malaysia,1933,5
Malaysia,1934,8
Malaysia,1935,177
Malaysia,1936,5
Malaysia,1937,24
Malaysia,1938,2
Malaysia,1939,1
Malaysia,1940,1
Malaysia,1941,1
Malaysia,1946,3364
Malaysia,1947,4529
Malaysia,1948,521
Malaysia,1949,46
Malaysia,1950,0
Malaysia,1951,2
Malaysia,1952,2
Malaysia,1953,5
Malaysia,1954,0
Malaysia,1955,0
Malaysia,1956,0
Malaysia,1957,0
Malaysia,1958,0
Malaysia,1959,338
Malaysia,1960,15
Malaysia,1961,0
Malaysia,1962,0
Malaysia,1963,0
Malaysia,1964,0
Malaysia,1965,0
Malaysia,1966,5
Mali,1967,164
Mali,1968,58
Mali,1969,1
Mali,1970,0
Mali,1971,0
Mali,1972,0
Mali,1973,0
Mali,1974,0
Mali,1975,0
Mali,1976,0
Mali,1977,0
Mexico,1922,11966
Mexico,1923,13074
Mexico,1924,12964
Mexico,1925,11008
Mexico,1926,5477
Mexico,1927,6639
Mexico,1928,8794
Mexico,1929,11304
Mexico,1930,17405
Mexico,1931,15003
Mexico,1932,8456
Mexico,1933,6094
Mexico,1934,9430
Mexico,1935,5205
Mexico,1936,4651
Mexico,1937,3538
Mexico,1938,3343
Mexico,1939,2205
Mexico,1940,1341
Mexico,1941,2529
Mexico,1942,4115
Mexico,1943,4011
Mexico,1944,3516
Mexico,1945,1718
Mexico,1946,600
Mexico,1947,1123
Mexico,1948,1541
Mexico,1949,1030
Mexico,1950,769
Mexico,1951,27
Mexico,1952,0
Middle East and North Africa,1920,4751
Middle East and North Africa,1921,1526
Middle East and North Africa,1922,3234
Middle East and North Africa,1923,3242
Middle East and North Africa,1924,2786
Middle East and North Africa,1925,5205
Middle East and North Africa,1926,7280
Middle East and North Africa,1927,6886
Middle East and North Africa,1928,3630
Middle East and North Africa,1929,4355
Middle East and North Africa,1930,1724
Middle East and North Africa,1931,2691
Middle East and North Africa,1932,6589
Middle East and North Africa,1933,8427
Middle East and North Africa,1934,3328
Middle East and North Africa,1935,823
Middle East and North Africa,1936,473
Middle East and North Africa,1937,122
Middle East and North Africa,1938,105
Middle East and North Africa,1939,424
Middle East and North Africa,1940,2479
Middle East and North Africa,1941,5123
Middle East and North Africa,1942,6183
Middle East and North Africa,1943,9123
Middle East and North Africa,1944,14856
Middle East and North Africa,1945,5066
Middle East and North Africa,1946,5423
Middle East and North Africa,1947,5335
Middle East and North Africa,1948,5286
Middle East and North Africa,1949,2419
Middle East and North Africa,1950,1231
Middle East and North Africa,1951,883
Middle East and North Africa,1952,500
Middle East and North Africa,1953,622
Middle East and North Africa,1954,251
Middle East and North Africa,1955,2648
Middle East and North Africa,1956,4102
Middle East and North Africa,1957,3141
Middle East and North Africa,1958,717
Middle East and North Africa,1959,432
Middle East and North Africa,1960,381
Middle East and North Africa,1961,121
Middle East and North Africa,1962,18
Middle East and North Africa,1963,11
Middle East and North Africa,1964,0
Middle East and North Africa,1965,0
Middle East and North Africa,1966,0
Middle East and North Africa,1967,54
Middle East and North Africa,1968,0
Middle East and North Africa,1969,29
Middle East and North Africa,1970,0
Middle East and North Africa,1971,29
Middle East and North Africa,1972,0
Middle East and North Africa,1973,0
Middle East and North Africa,1974,0
Middle East and North Africa,1975,0
Middle East and North Africa,1976,0
Middle East and North Africa,1977,0
Morocco,1920,558
Morocco,1921,203
Morocco,1922,879
Morocco,1923,551
Morocco,1924,330
Morocco,1925,471
Morocco,1926,851
Morocco,1927,1292
Morocco,1928,254
Morocco,1929,280
Morocco,1930,219
Morocco,1931,727
Morocco,1932,1575
Morocco,1933,112
Morocco,1934,55
Morocco,1935,42
Morocco,1936,40
Morocco,1937,23
Morocco,1938,26
Morocco,1939,16
Morocco,1940,815
Morocco,1941,1961
Morocco,1942,2081
Morocco,1943,1173
Morocco,1944,796
Morocco,1945,2700
Morocco,1946,2055
Morocco,1947,93
Morocco,1948,29
Morocco,1949,14
Morocco,1950,18
Morocco,1951,7
Morocco,1952,11
Morocco,1953,0
Morocco,1954,0
Morocco,1955,2
Morocco,1956,0
Morocco,1957,0
Morocco,1958,0
Morocco,1959,0
Morocco,1960,0
Morocco,1961,0
Morocco,1962,0
Morocco,1963,0
Morocco,1964,0
Mozambique,1927,1292
Mozambique,1928,42
Mozambique,1929,345
Mozambique,1930,75
Mozambique,1931,454
Mozambique,1932,34
Mozambique,1933,484
Mozambique,1934,681
Mozambique,1935,415
Mozambique,1936,513
Mozambique,1937,286
Mozambique,1938,239
Mozambique,1939,638
Mozambique,1940,412
Mozambique,1941,246
Mozambique,1942,144
Mozambique,1943,72
Mozambique,1944,81
Mozambique,1945,220
Mozambique,1946,99
Mozambique,1947,29
Mozambique,1948,384
Mozambique,1949,374
Mozambique,1950,384
Mozambique,1951,164
Mozambique,1952,359
Mozambique,1953,394
Mozambique,1954,28
Mozambique,1955,31
Mozambique,1956,94
Mozambique,1957,32
Mozambique,1958,67
Mozambique,1959,44
Mozambique,1960,14
Mozambique,1961,91
Mozambique,1962,69
Mozambique,1963,102
Mozambique,1964,243
Mozambique,1965,115
Mozambique,1966,19
Mozambique,1967,0
Mozambique,1968,145
Mozambique,1969,11
Mozambique,1970,0
Mozambique,1971,0
Mozambique,1972,0
Mozambique,1973,0
Mozambique,1974,0
Mozambique,1975,0
Mozambique,1976,0
Mozambique,1977,0
Nepal,1967,144
Nepal,1968,249
Nepal,1969,108
Nepal,1970,78
Nepal,1971,215
Nepal,1972,399
Nepal,1973,277
Nepal,1974,1550
Nepal,1975,95
Nepal,1976,0
Nepal,1977,0
Netherlands,1920,50
Netherlands,1921,1
Netherlands,1922,0
Netherlands,1923,2
Netherlands,1924,3
Netherlands,1925,2
Netherlands,1926,15
Netherlands,1927,0
Netherlands,1928,0
Netherlands,1929,700
Netherlands,1930,2
Netherlands,1931,1
Netherlands,1932,0
Netherlands,1933,0
Netherlands,1934,0
Netherlands,1935,0
Netherlands,1936,0
Netherlands,1938,0
Netherlands,1939,0
Netherlands,1940,0
Netherlands,1941,0
Netherlands,1942,0
Netherlands,1943,0
Netherlands,1944,2
Netherlands,1947,2
Netherlands,1948,0
Netherlands,1949,0
Netherlands,1950,0
Netherlands,1951,52
Netherlands,1952,0
Netherlands,1953,0
Netherlands,1954,40
Netherlands,1955,0
Netherlands,1956,0
Netherlands,1957,0
Netherlands,1958,0
Nicaragua,1937,1
Nicaragua,1938,6
Nicaragua,1939,4
Nicaragua,1940,43
Nicaragua,1941,5
Nicaragua,1942,0
Nicaragua,1943,6
Nicaragua,1944,1
Nicaragua,1945,148
Nicaragua,1946,6
Nicaragua,1947,1
Nicaragua,1948,0
Nicaragua,1949,0
Nicaragua,1950,5
Nicaragua,1951,6
Nicaragua,1952,0
Nicaragua,1953,18
Nicaragua,1954,6
Nicaragua,1955,3
Nicaragua,1956,0
Nicaragua,1957,0
Nicaragua,1958,0
Niger,1967,1181
Niger,1968,678
Niger,1969,28
Niger,1970,0
Niger,1971,0
Niger,1972,0
Niger,1973,0
Niger,1974,0
Niger,1975,0
Niger,1976,0
Niger,1977,0
Nigeria,1921,1031
Nigeria,1923,1222
Nigeria,1924,119
Nigeria,1925,1932
Nigeria,1926,847
Nigeria,1927,4483
Nigeria,1928,3095
Nigeria,1929,3216
Nigeria,1930,5119
Nigeria,1931,2315
Nigeria,1932,9464
Nigeria,1933,12601
Nigeria,1934,10389
Nigeria,1935,5498
Nigeria,1936,4883
Nigeria,1937,3675
Nigeria,1938,7511
Nigeria,1939,4967
Nigeria,1940,3298
Nigeria,1941,1097
Nigeria,1942,2514
Nigeria,1943,6496
Nigeria,1944,4958
Nigeria,1945,5576
Nigeria,1946,7620
Nigeria,1947,5425
Nigeria,1948,5746
Nigeria,1949,14863
Nigeria,1950,20948
Nigeria,1951,11879
Nigeria,1952,9264
Nigeria,1953,3258
Nigeria,1954,6417
Nigeria,1955,5780
Nigeria,1956,4798
Nigeria,1957,9733
Nigeria,1958,1808
Nigeria,1959,1599
Nigeria,1960,4140
Nigeria,1961,3600
Nigeria,1962,3864
Nigeria,1963,1778
Nigeria,1964,1430
Nigeria,1965,4566
Nigeria,1966,4953
Nigeria,1967,4753
Nigeria,1968,1832
Nigeria,1969,205
Nigeria,1970,0
Nigeria,1971,0
Nigeria,1972,0
Nigeria,1973,0
Nigeria,1974,0
Nigeria,1975,0
Nigeria,1976,0
Nigeria,1977,0
North America,1920,110672
North America,1921,108487
North America,1922,33305
North America,1923,30890
North America,1924,59304
North America,1925,40629
North America,1926,34229
North America,1927,40822
North America,1928,42733
North America,1929,44293
North America,1930,49621
North America,1931,31016
North America,1932,11541
North America,1933,6591
North America,1934,5388
North America,1935,7991
North America,1936,7896
North America,1937,11732
North America,1938,15059
North America,1939,10075
North America,1940,2806
North America,1941,1422
North America,1942,871
North America,1943,771
North America,1944,398
North America,1945,351
North America,1946,359
North America,1947,176
North America,1948,57
North America,1949,49
North America,1950,0
North America,1951,0
North America,1952,0
North America,1953,0
North America,1954,0
North America,1955,0
North America,1956,0
North America,1957,0
North America,1958,0
North America,1959,0
North America,1960,0
North America,1961,0
North America,1962,0
North America,1963,0
North America,1964,0
North America,1965,0
North America,1966,0
North America,1967,0
North America,1968,0
North America,1969,0
North America,1970,0
North America,1971,0
North America,1972,0
North America,1973,0
North America,1974,0
North America,1975,0
North America,1976,0
North America,1977,0
Oman,1967,10
Oman,1968,0
Oman,1969,0
Oman,1970,0
Oman,1971,0
Oman,1972,0
Oman,1973,0
Oman,1974,0
Oman,1975,0
Oman,1976,0
Oman,1977,0
Pakistan,1947,4282
Pakistan,1948,12524
Pakistan,1949,4807
Pakistan,1950,1013
Pakistan,1951,3866
Pakistan,1952,8519
Pakistan,1953,9033
Pakistan,1954,4320
Pakistan,1955,3330
Pakistan,1956,423
Pakistan,1957,1631
Pakistan,1958,3485
Pakistan,1959,3373
Pakistan,1960,815
Pakistan,1961,2408
Pakistan,1962,3484
Pakistan,1963,1929
Pakistan,1964,935
Pakistan,1965,1285
Pakistan,1966,2936
Pakistan,1967,4818
Pakistan,1968,1836
Pakistan,1969,2581
Pakistan,1970,4665
Pakistan,1971,5808
Pakistan,1972,7053
Pakistan,1973,9258
Pakistan,1974,7859
Pakistan,1975,0
Pakistan,1976,0
Pakistan,1977,0
Panama,1920,25
Panama,1921,215
Panama,1922,14
Panama,1923,0
Panama,1924,0
Panama,1925,0
Panama,1926,0
Panama,1927,0
Panama,1928,2
Panama,1929,396
Panama,1930,0
Panama,1931,2
Panama,1932,0
Panama,1933,0
Panama,1934,0
Panama,1935,0
Panama,1936,0
Panama,1937,4
Panama,1938,0
Panama,1939,0
Panama,1940,0
Panama,1941,15
Panama,1942,2
Panama,1943,1
Panama,1944,2
Panama,1945,0
Panama,1946,0
Panama,1947,12
Panama,1948,0
Panama,1949,0
Panama,1950,0
Panama,1951,0
Panama,1952,0
Panama,1953,0
Panama,1954,0
Panama,1955,0
Panama,1956,0
Panama,1957,0
Panama,1958,8
Paraguay,1927,2
Paraguay,1928,0
Paraguay,1929,0
Paraguay,1930,0
Paraguay,1931,0
Paraguay,1932,0
Paraguay,1933,0
Paraguay,1934,0
Paraguay,1935,14
Paraguay,1936,6
Paraguay,1937,11
Paraguay,1939,2
Paraguay,1941,9
Paraguay,1946,124
Paraguay,1947,807
Paraguay,1948,113
Paraguay,1949,6
Paraguay,1950,304
Paraguay,1951,282
Paraguay,1952,797
Paraguay,1953,770
Paraguay,1954,207
Paraguay,1955,57
Paraguay,1956,132
Paraguay,1957,103
Paraguay,1958,21
Peru,1932,1164
Peru,1933,363
Peru,1934,502
Peru,1935,444
Peru,1936,248
Peru,1937,69
Peru,1938,97
Peru,1939,173
Peru,1940,371
Peru,1941,3131
Peru,1942,2499
Peru,1943,1826
Peru,1944,296
Peru,1945,292
Peru,1946,700
Peru,1947,537
Peru,1948,7105
Peru,1949,6305
Peru,1950,3753
Peru,1951,1218
Peru,1952,1360
Peru,1953,172
Peru,1954,115
Peru,1955,0
Peru,1956,0
Peru,1957,0
Peru,1958,0
Philippines,1925,20
Philippines,1926,30
Philippines,1927,1
Philippines,1928,5
Philippines,1929,367
Philippines,1930,192
Philippines,1931,4
Philippines,1932,0
Philippines,1933,0
Philippines,1934,0
Philippines,1935,0
Philippines,1936,0
Philippines,1937,0
Philippines,1938,2
Philippines,1949,0
Philippines,1950,282
Philippines,1951,27
Philippines,1952,0
Philippines,1953,0
Philippines,1954,0
Philippines,1955,0
Philippines,1956,0
Philippines,1957,0
Philippines,1958,0
Philippines,1959,0
Philippines,1960,0
Philippines,1961,0
Philippines,1962,0
Philippines,1963,0
Philippines,1964,0
Philippines,1965,0
Philippines,1966,0
Poland,1920,3948
Poland,1921,5078
Poland,1922,2399
Poland,1923,502
Poland,1924,861
Poland,1925,77
Poland,1926,69
Poland,1927,36
Poland,1928,27
Poland,1929,20
Poland,1930,22
Poland,1931,14
Poland,1932,5
Poland,1933,6
Poland,1934,7
Poland,1935,4
Poland,1936,1
Poland,1937,2
Poland,1938,0
Poland,1939,0
Poland,1940,0
Poland,1945,0
Poland,1946,0
Poland,1947,0
Poland,1948,0
Poland,1949,0
Poland,1955,0
Poland,1956,0
Poland,1957,0
Poland,1958,0
Portugal,1925,468
Portugal,1926,394
Portugal,1927,1169
Portugal,1928,923
Portugal,1929,800
Portugal,1930,815
Portugal,1931,2210
Portugal,1932,4246
Portugal,1933,1800
Portugal,1934,1016
Portugal,1935,762
Portugal,1936,836
Portugal,1937,623
Portugal,1938,706
Portugal,1939,1367
Portugal,1940,880
Portugal,1941,478
Portugal,1942,431
Portugal,1943,277
Portugal,1944,332
Portugal,1945,444
Portugal,1946,895
Portugal,1947,832
Portugal,1948,334
Portugal,1949,54
Portugal,1950,65
Portugal,1951,78
Portugal,1952,34
Portugal,1953,8
Portugal,1954,0
Portugal,1955,0
Portugal,1956,0
Portugal,1957,0
Portugal,1958,0
Romania,1920,3467
Romania,1921,2744
Romania,1922,865
Romania,1923,89
Romania,1924,9
Romania,1925,28
Romania,1926,6
Romania,1927,4
Romania,1928,9
Romania,1929,4
Romania,1930,5
Romania,1931,13
Romania,1932,10
Romania,1933,6
Romania,1934,7
Romania,1935,0
Romania,1936,3
Romania,1937,15
Romania,1938,55
Romania,1939,0
Romania,1940,1
Romania,1941,0
Romania,1942,0
Romania,1943,0
Romania,1944,0
Romania,1945,0
Romania,1947,0
Romania,1948,0
Romania,1949,0
Romania,1950,0
Romania,1951,0
Romania,1952,0
Romania,1953,0
Romania,1954,0
Romania,1955,0
Romania,1956,0
Romania,1957,0
Romania,1958,0
Rwanda,1967,0
Rwanda,1968,0
Rwanda,1969,89
Rwanda,1970,0
Rwanda,1971,0
Rwanda,1972,0
Rwanda,1973,0
Rwanda,1974,0
Rwanda,1975,0
Rwanda,1976,0
Rwanda,1977,0
Rwanda-Burundi,1925,3
Rwanda-Burundi,1926,14
Rwanda-Burundi,1927,7
Rwanda-Burundi,1928,2
Rwanda-Burundi,1929,3
Rwanda-Burundi,1930,72
Rwanda-Burundi,1931,481
Rwanda-Burundi,1932,77
Rwanda-Burundi,1933,22
Rwanda-Burundi,1934,62
Rwanda-Burundi,1935,30
Rwanda-Burundi,1936,71
Rwanda-Burundi,1937,129
Rwanda-Burundi,1938,67
Rwanda-Burundi,1939,240
Rwanda-Burundi,1940,26
Rwanda-Burundi,1941,53
Rwanda-Burundi,1942,55
Rwanda-Burundi,1943,18
Rwanda-Burundi,1944,2201
Rwanda-Burundi,1945,848
Rwanda-Burundi,1946,76
Rwanda-Burundi,1947,447
Rwanda-Burundi,1948,147
Rwanda-Burundi,1949,43
Rwanda-Burundi,1950,484
Rwanda-Burundi,1951,571
Rwanda-Burundi,1952,819
Rwanda-Burundi,1953,219
Rwanda-Burundi,1954,234
Rwanda-Burundi,1955,113
Rwanda-Burundi,1956,58
Rwanda-Burundi,1957,34
Rwanda-Burundi,1958,29
Rwanda-Burundi,1959,77
Rwanda-Burundi,1960,12
Rwanda-Burundi,1961,8
Rwanda-Burundi,1962,54
Rwanda-Burundi,1963,11
Rwanda-Burundi,1964,0
Rwanda-Burundi,1965,1218
Rwanda-Burundi,1966,363
Saudi Arabia,1927,51
Saudi Arabia,1928,425
Saudi Arabia,1929,525
Saudi Arabia,1930,291
Saudi Arabia,1931,606
Saudi Arabia,1932,212
Saudi Arabia,1933,145
Saudi Arabia,1934,306
Saudi Arabia,1935,187
Saudi Arabia,1936,43
Saudi Arabia,1937,8
Saudi Arabia,1938,1
Saudi Arabia,1939,1
Saudi Arabia,1940,255
Saudi Arabia,1945,11
Saudi Arabia,1948,225
Saudi Arabia,1949,225
Saudi Arabia,1950,331
Saudi Arabia,1951,1
Saudi Arabia,1952,0
Saudi Arabia,1953,162
Saudi Arabia,1954,5
Saudi Arabia,1955,1
Saudi Arabia,1956,9
Saudi Arabia,1957,65
Saudi Arabia,1958,156
Saudi Arabia,1959,115
Saudi Arabia,1960,33
Saudi Arabia,1961,17
Saudi Arabia,1962,1
Saudi Arabia,1963,0
Sierra Leone,1920,6
Sierra Leone,1922,44
Sierra Leone,1923,18
Sierra Leone,1924,2
Sierra Leone,1925,6
Sierra Leone,1927,16
Sierra Leone,1928,1
Sierra Leone,1929,6
Sierra Leone,1930,2
Sierra Leone,1931,6
Sierra Leone,1932,998
Sierra Leone,1933,2378
Sierra Leone,1934,2333
Sierra Leone,1935,1981
Sierra Leone,1936,565
Sierra Leone,1937,134
Sierra Leone,1938,55
Sierra Leone,1939,52
Sierra Leone,1940,29
Sierra Leone,1941,7
Sierra Leone,1942,8
Sierra Leone,1943,3
Sierra Leone,1944,484
Sierra Leone,1945,650
Sierra Leone,1946,750
Sierra Leone,1947,465
Sierra Leone,1948,200
Sierra Leone,1949,157
Sierra Leone,1950,40
Sierra Leone,1951,34
Sierra Leone,1952,36
Sierra Leone,1953,12
Sierra Leone,1954,5
Sierra Leone,1955,49
Sierra Leone,1956,946
Sierra Leone,1957,4846
Sierra Leone,1958,513
Sierra Leone,1959,96
Sierra Leone,1960,12
Sierra Leone,1961,6
Sierra Leone,1962,78
Sierra Leone,1963,14
Sierra Leone,1964,90
Sierra Leone,1965,60
Sierra Leone,1966,293
Sierra Leone,1967,1698
Sierra Leone,1968,1143
Sierra Leone,1969,80
Sierra Leone,1970,0
Sierra Leone,1971,0
Sierra Leone,1972,0
Sierra Leone,1973,0
Sierra Leone,1974,0
Sierra Leone,1975,0
Sierra Leone,1976,0
Sierra Leone,1977,0
Somalia,1928,3
Somalia,1929,121
Somalia,1930,122
Somalia,1931,13
Somalia,1932,14
Somalia,1933,114
Somalia,1934,91
Somalia,1935,245
Somalia,1936,162
Somalia,1937,50
Somalia,1938,3
Somalia,1939,78
Somalia,1940,3
Somalia,1943,634
Somalia,1944,13
Somalia,1945,1
Somalia,1946,3
Somalia,1947,0
Somalia,1948,0
Somalia,1949,0
Somalia,1953,248
Somalia,1954,1555
Somalia,1955,641
Somalia,1956,84
Somalia,1957,91
Somalia,1958,0
Somalia,1959,94
Somalia,1960,47
Somalia,1961,36
Somalia,1962,221
Somalia,1963,0
Somalia,1964,0
Somalia,1965,0
Somalia,1966,2
Somalia,1972,5
Somalia,1973,7
Somalia,1974,11
Somalia,1975,14
Somalia,1976,39
Somalia,1977,3229
South Africa,1920,1036
South Africa,1921,1108
South Africa,1922,713
South Africa,1923,285
South Africa,1924,346
South Africa,1925,71
South Africa,1926,115
South Africa,1927,60
South Africa,1928,51
South Africa,1929,53
South Africa,1930,63
South Africa,1931,20
South Africa,1932,19
South Africa,1933,24
South Africa,1934,23
South Africa,1935,21
South Africa,1936,24
South Africa,1937,306
South Africa,1938,521
South Africa,1939,408
South Africa,1940,681
South Africa,1941,1014
South Africa,1942,1781
South Africa,1943,1469
South Africa,1944,1046
South Africa,1945,3317
South Africa,1946,1271
South Africa,1947,1469
South Africa,1948,271
South Africa,1949,923
South Africa,1950,1635
South Africa,1951,1434
South Africa,1952,80
South Africa,1953,14
South Africa,1954,7
South Africa,1955,27
South Africa,1956,4
South Africa,1957,0
South Africa,1958,0
South Africa,1959,0
South Africa,1960,65
South Africa,1961,8
South Africa,1962,103
South Africa,1963,254
South Africa,1964,302
South Africa,1965,191
South Africa,1966,256
South Africa,1967,43
South Africa,1968,81
South Africa,1969,217
South Africa,1970,118
South Africa,1971,7
South Africa,1972,0
South Africa,1973,0
South Africa,1974,0
South Africa,1975,0
South Africa,1976,0
South Africa,1977,0
South America,1967,4376
South America,1968,4328
South America,1969,7046
South America,1970,1795
South America,1971,19
South America,1972,0
South America,1973,0
South America,1974,0
South America,1975,0
South America,1976,0
South America,1977,0
South Asia,1920,126
South Asia,1921,18
South Asia,1922,337
South Asia,1923,175
South Asia,1924,40
South Asia,1925,175518
South Asia,1926,220286
South Asia,1927,222642
South Asia,1928,165476
South Asia,1929,148835
South Asia,1930,232372
South Asia,1931,89258
South Asia,1932,116073
South Asia,1933,253083
South Asia,1934,263348
South Asia,1935,282461
South Asia,1936,218326
South Asia,1937,105211
South Asia,1938,89341
South Asia,1939,133617
South Asia,1940,188192
South Asia,1941,143682
South Asia,1942,76883
South Asia,1943,136961
South Asia,1944,328590
South Asia,1945,289785
South Asia,1946,146840
South Asia,1947,73322
South Asia,1948,85954
South Asia,1949,80132
South Asia,1950,180389
South Asia,1951,297712
South Asia,1952,96049
South Asia,1953,49261
South Asia,1954,53152
South Asia,1955,48504
South Asia,1956,51496
South Asia,1957,105462
South Asia,1958,251096
South Asia,1959,66556
South Asia,1960,33920
South Asia,1961,48670
South Asia,1962,60043
South Asia,1963,89305
South Asia,1964,41447
South Asia,1965,35076
South Asia,1966,38825
South Asia,1967,89525
South Asia,1968,47244
South Asia,1969,18694
South Asia,1970,18128
South Asia,1971,22501
South Asia,1972,45849
South Asia,1973,130385
South Asia,1974,213861
South Asia,1975,15329
South Asia,1976,0
South Asia,1977,0
Spain,1930,49
Spain,1931,910
Spain,1932,1066
Spain,1933,624
Spain,1934,688
Spain,1935,297
Spain,1936,114
Spain,1937,5
Spain,1938,19
Spain,1939,841
Spain,1940,1874
Spain,1941,678
Spain,1942,371
Spain,1943,210
Spain,1944,129
Spain,1945,33
Spain,1946,44
Spain,1947,34
Spain,1948,23
Spain,1949,9
Spain,1950,2
Spain,1951,3
Spain,1952,3
Spain,1953,3
Spain,1954,2
Spain,1955,0
Spain,1956,0
Spain,1957,0
Spain,1958,0
Sri Lanka,1920,126
Sri Lanka,1921,18
Sri Lanka,1922,337
Sri Lanka,1923,175
Sri Lanka,1924,40
Sri Lanka,1925,28
Sri Lanka,1926,65
Sri Lanka,1927,27
Sri Lanka,1928,18
Sri Lanka,1929,8
Sri Lanka,1930,41
Sri Lanka,1931,9
Sri Lanka,1932,106
Sri Lanka,1933,337
Sri Lanka,1934,72
Sri Lanka,1935,115
Sri Lanka,1936,3
Sri Lanka,1937,2
Sri Lanka,1938,0
Sri Lanka,1939,1
Sri Lanka,1940,0
Sri Lanka,1941,167
Sri Lanka,1942,1
Sri Lanka,1943,135
Sri Lanka,1944,124
Sri Lanka,1945,711
Sri Lanka,1946,409
Sri Lanka,1947,1
Sri Lanka,1948,8
Sri Lanka,1949,2
Sri Lanka,1950,4
Sri Lanka,1951,344
Sri Lanka,1952,25
Sri Lanka,1953,2
Sri Lanka,1954,1
Sri Lanka,1955,0
Sri Lanka,1956,0
Sri Lanka,1957,19
Sri Lanka,1958,29
Sri Lanka,1959,0
Sri Lanka,1960,0
Sri Lanka,1961,44
Sri Lanka,1962,66
Sri Lanka,1963,1
Sri Lanka,1964,0
Sri Lanka,1965,1
Sri Lanka,1966,0
Sri Lanka,1967,1
Sri Lanka,1968,0
Sri Lanka,1969,0
Sri Lanka,1970,0
Sri Lanka,1971,0
Sri Lanka,1972,0
Sri Lanka,1973,0
Sri Lanka,1974,0
Sri Lanka,1975,0
Sri Lanka,1976,0
Sri Lanka,1977,0
Sub-Saharan Africa,1920,2073
Sub-Saharan Africa,1921,6284
Sub-Saharan Africa,1922,2969
Sub-Saharan Africa,1923,4241
Sub-Saharan Africa,1924,3299
Sub-Saharan Africa,1925,7688
Sub-Saharan Africa,1926,12313
Sub-Saharan Africa,1927,13993
Sub-Saharan Africa,1928,13860
Sub-Saharan Africa,1929,19130
Sub-Saharan Africa,1930,28337
Sub-Saharan Africa,1931,18058
Sub-Saharan Africa,1932,21168
Sub-Saharan Africa,1933,27196
Sub-Saharan Africa,1934,23934
Sub-Saharan Africa,1935,16840
Sub-Saharan Africa,1936,17767
Sub-Saharan Africa,1937,14686
Sub-Saharan Africa,1938,18500
Sub-Saharan Africa,1939,19316
Sub-Saharan Africa,1940,15427
Sub-Saharan Africa,1941,12465
Sub-Saharan Africa,1942,11784
Sub-Saharan Africa,1943,25851
Sub-Saharan Africa,1944,34020
Sub-Saharan Africa,1945,49578
Sub-Saharan Africa,1946,40007
Sub-Saharan Africa,1947,26975
Sub-Saharan Africa,1948,24809
Sub-Saharan Africa,1949,25228
Sub-Saharan Africa,1950,41328
Sub-Saharan Africa,1951,24651
Sub-Saharan Africa,1952,30679
Sub-Saharan Africa,1953,20936
Sub-Saharan Africa,1954,25584
Sub-Saharan Africa,1955,25856
Sub-Saharan Africa,1956,22388
Sub-Saharan Africa,1957,34798
Sub-Saharan Africa,1958,17194
Sub-Saharan Africa,1959,17318
Sub-Saharan Africa,1960,17987
Sub-Saharan Africa,1961,27363
Sub-Saharan Africa,1962,23647
Sub-Saharan Africa,1963,15702
Sub-Saharan Africa,1964,13729
Sub-Saharan Africa,1965,16840
Sub-Saharan Africa,1966,14399
Sub-Saharan Africa,1967,14345
Sub-Saharan Africa,1968,10593
Sub-Saharan Africa,1969,3337
Sub-Saharan Africa,1970,2609
Sub-Saharan Africa,1971,27288
Sub-Saharan Africa,1972,18063
Sub-Saharan Africa,1973,5448
Sub-Saharan Africa,1974,4451
Sub-Saharan Africa,1975,3949
Sub-Saharan Africa,1976,954
Sub-Saharan Africa,1977,3234
Sudan,1925,0
Sudan,1926,63
Sudan,1927,218
Sudan,1928,2402
Sudan,1929,6467
Sudan,1930,2179
Sudan,1931,218
Sudan,1932,47
Sudan,1933,228
Sudan,1934,173
Sudan,1935,72
Sudan,1936,577
Sudan,1937,425
Sudan,1938,527
Sudan,1939,553
Sudan,1940,515
Sudan,1941,46
Sudan,1942,12
Sudan,1943,182
Sudan,1944,242
Sudan,1945,0
Sudan,1946,62
Sudan,1947,917
Sudan,1948,1438
Sudan,1949,250
Sudan,1950,110
Sudan,1951,346
Sudan,1952,3670
Sudan,1953,3030
Sudan,1954,4200
Sudan,1955,1427
Sudan,1956,25
Sudan,1957,295
Sudan,1958,380
Sudan,1959,336
Sudan,1960,162
Sudan,1961,8
Sudan,1962,95
Sudan,1963,0
Sudan,1964,0
Sudan,1965,69
Sudan,1966,0
Sudan,1967,9
Sudan,1968,106
Sudan,1969,131
Sudan,1970,1051
Sudan,1971,1141
Sudan,1972,0
Sudan,1973,0
Sudan,1974,0
Sudan,1975,0
Sudan,1976,0
Sudan,1977,0
Switzerland,1920,2
Switzerland,1921,596
Switzerland,1922,1153
Switzerland,1923,2145
Switzerland,1924,1234
Switzerland,1925,329
Switzerland,1926,54
Switzerland,1927,0
Switzerland,1928,1
Switzerland,1929,1
Switzerland,1930,1
Switzerland,1931,0
Switzerland,1932,2
Switzerland,1933,0
Switzerland,1934,0
Switzerland,1935,0
Switzerland,1936,0
Switzerland,1937,0
Switzerland,1938,1
Switzerland,1939,0
Switzerland,1940,0
Switzerland,1941,0
Switzerland,1942,0
Switzerland,1943,0
Switzerland,1944,0
Switzerland,1945,0
Switzerland,1946,1
Switzerland,1947,0
Switzerland,1948,0
Switzerland,1949,0
Switzerland,1950,0
Switzerland,1951,0
Switzerland,1952,0
Switzerland,1953,0
Switzerland,1954,0
Switzerland,1955,0
Switzerland,1956,0
Switzerland,1957,0
Switzerland,1958,0
Syria,1923,60
Syria,1924,40
Syria,1925,46
Syria,1926,1
Syria,1927,98
Syria,1928,488
Syria,1929,375
Syria,1930,158
Syria,1931,6
Syria,1932,109
Syria,1933,435
Syria,1934,1011
Syria,1935,48
Syria,1936,1
Syria,1937,0
Syria,1938,0
Syria,1939,1
Syria,1940,1
Syria,1941,1
Syria,1942,1657
Syria,1943,715
Syria,1944,91
Syria,1945,16
Syria,1946,8
Syria,1947,1
Syria,1948,902
Syria,1949,646
Syria,1950,14
Syria,1951,2
Syria,1952,2
Syria,1953,3
Syria,1954,7
Syria,1955,0
Syria,1956,0
Syria,1957,41
Syria,1958,0
Syria,1959,0
Syria,1960,0
Syria,1961,0
Syria,1962,0
Syria,1963,0
Syria,1967,0
Syria,1968,0
Syria,1969,0
Syria,1970,0
Syria,1971,0
Syria,1972,0
Syria,1973,0
Syria,1974,0
Syria,1975,0
Syria,1976,0
Syria,1977,0
Tanzania,1920,7
Tanzania,1921,1427
Tanzania,1922,567
Tanzania,1923,453
Tanzania,1924,40
Tanzania,1925,1391
Tanzania,1926,75
Tanzania,1927,234
Tanzania,1928,28
Tanzania,1929,182
Tanzania,1930,4547
Tanzania,1931,1746
Tanzania,1932,768
Tanzania,1933,629
Tanzania,1934,411
Tanzania,1935,503
Tanzania,1936,1649
Tanzania,1937,1462
Tanzania,1938,1095
Tanzania,1939,599
Tanzania,1940,156
Tanzania,1941,92
Tanzania,1942,90
Tanzania,1943,201
Tanzania,1944,5735
Tanzania,1945,12283
Tanzania,1946,12672
Tanzania,1947,2960
Tanzania,1948,1206
Tanzania,1949,1045
Tanzania,1950,6416
Tanzania,1951,854
Tanzania,1952,373
Tanzania,1953,1200
Tanzania,1954,928
Tanzania,1955,542
Tanzania,1956,605
Tanzania,1957,856
Tanzania,1958,1204
Tanzania,1959,1442
Tanzania,1960,1584
Tanzania,1961,1002
Tanzania,1962,1074
Tanzania,1963,836
Tanzania,1964,1461
Tanzania,1965,2762
Tanzania,1966,3027
Tanzania,1967,1629
Tanzania,1968,455
Tanzania,1969,113
Tanzania,1970,0
Tanzania,1971,0
Tanzania,1972,0
Tanzania,1973,0
Tanzania,1974,0
Tanzania,1975,0
Tanzania,1976,0
Tanzania,1977,0
Thailand,1920,85
Thailand,1921,404
Thailand,1922,472
Thailand,1923,1451
Thailand,1924,588
Thailand,1925,287
Thailand,1926,1113
Thailand,1927,418
Thailand,1928,125
Thailand,1929,405
Thailand,1930,56
Thailand,1931,33
Thailand,1932,20
Thailand,1933,42
Thailand,1934,152
Thailand,1935,34
Thailand,1936,2
Thailand,1937,51
Thailand,1938,294
Thailand,1939,151
Thailand,1940,235
Thailand,1941,107
Thailand,1942,133
Thailand,1943,44
Thailand,1944,925
Thailand,1945,36394
Thailand,1946,26843
Thailand,1947,1314
Thailand,1948,514
Thailand,1949,107
Thailand,1950,348
Thailand,1951,34
Thailand,1952,43
Thailand,1953,50
Thailand,1954,20
Thailand,1955,107
Thailand,1956,4
Thailand,1957,3
Thailand,1958,28
Thailand,1959,1548
Thailand,1960,32
Thailand,1961,33
Thailand,1962,2
Thailand,1963,0
Thailand,1964,0
Thailand,1965,0
Thailand,1966,0
Togo,1925,3
Togo,1926,2
Togo,1927,5
Togo,1928,42
Togo,1929,78
Togo,1930,66
Togo,1931,11
Togo,1932,7
Togo,1933,7
Togo,1934,19
Togo,1935,3
Togo,1936,33
Togo,1937,0
Togo,1938,29
Togo,1939,301
Togo,1940,13
Togo,1941,1
Togo,1942,0
Togo,1943,0
Togo,1944,174
Togo,1945,535
Togo,1946,470
Togo,1947,65
Togo,1948,107
Togo,1949,152
Togo,1950,147
Togo,1951,190
Togo,1952,628
Togo,1953,228
Togo,1954,226
Togo,1955,2
Togo,1956,6
Togo,1957,9
Togo,1958,44
Togo,1959,66
Togo,1960,347
Togo,1961,281
Togo,1962,571
Togo,1963,285
Togo,1964,34
Togo,1965,13
Togo,1966,201
Togo,1967,304
Togo,1968,784
Togo,1969,83
Togo,1970,0
Togo,1971,0
Togo,1972,0
Togo,1973,0
Togo,1974,0
Togo,1975,0
Togo,1976,0
Togo,1977,0
Tunisia,1923,279
Tunisia,1924,606
Tunisia,1925,1270
Tunisia,1926,188
Tunisia,1927,101
Tunisia,1928,101
Tunisia,1929,138
Tunisia,1930,59
Tunisia,1931,18
Tunisia,1932,2
Tunisia,1933,5
Tunisia,1934,3
Tunisia,1935,7
Tunisia,1936,3
Tunisia,1937,13
Tunisia,1938,0
Tunisia,1939,2
Tunisia,1940,0
Tunisia,1941,0
Tunisia,1942,1
Tunisia,1943,4
Tunisia,1944,19
Tunisia,1945,190
Tunisia,1946,797
Tunisia,1947,1224
Tunisia,1948,534
Tunisia,1949,1
Tunisia,1950,2
Tunisia,1951,5
Tunisia,1952,7
Tunisia,1953,7
Tunisia,1954,1
Tunisia,1955,0
Tunisia,1956,2
Tunisia,1957,0
Tunisia,1958,0
Tunisia,1959,0
Tunisia,1960,0
Tunisia,1961,0
Tunisia,1962,0
Tunisia,1963,0
Tunisia,1964,0
Turkey,1920,6
Turkey,1922,253
Turkey,1923,2492
Turkey,1924,1615
Turkey,1925,971
Turkey,1926,480
Turkey,1927,99
Turkey,1928,47
Turkey,1929,1746
Turkey,1930,830
Turkey,1931,257
Turkey,1932,193
Turkey,1933,199
Turkey,1934,93
Turkey,1935,107
Turkey,1936,69
Turkey,1937,36
Turkey,1938,641
Turkey,1939,438
Turkey,1940,958
Turkey,1941,898
Turkey,1942,1871
Turkey,1943,12395
Turkey,1944,6093
Turkey,1945,309
Turkey,1946,8
Turkey,1947,2
Turkey,1948,39
Turkey,1949,73
Turkey,1950,7
Turkey,1951,152
Turkey,1952,0
Turkey,1953,0
Turkey,1954,0
Turkey,1955,0
Turkey,1956,0
Turkey,1957,128
Turkey,1958,0
Turkey,1959,0
Turkey,1960,0
Turkey,1961,0
Turkey,1962,0
Turkey,1963,0
USSR,1920,126423
USSR,1921,100004
USSR,1922,71172
USSR,1923,47678
USSR,1924,28610
USSR,1925,18548
USSR,1926,16567
USSR,1927,14164
USSR,1928,10361
USSR,1929,6413
USSR,1930,3834
USSR,1931,9471
USSR,1932,14881
USSR,1933,2160
USSR,1934,3079
USSR,1935,3167
USSR,1936,391
USSR,1937,11
USSR,1938,7
USSR,1939,0
USSR,1940,0
USSR,1941,0
USSR,1942,0
USSR,1943,0
USSR,1944,0
USSR,1945,0
USSR,1946,0
USSR,1947,0
USSR,1948,0
USSR,1949,0
USSR,1950,12
USSR,1951,305
USSR,1952,79
USSR,1953,0
USSR,1954,0
USSR,1955,70
USSR,1956,70
USSR,1957,1
USSR,1958,20
Uganda,1921,506
Uganda,1922,104
Uganda,1923,97
Uganda,1924,7
Uganda,1925,13
Uganda,1926,6
Uganda,1927,17
Uganda,1928,1
Uganda,1929,32
Uganda,1930,2
Uganda,1931,0
Uganda,1932,0
Uganda,1933,0
Uganda,1934,0
Uganda,1935,2
Uganda,1936,32
Uganda,1937,0
Uganda,1938,0
Uganda,1939,0
Uganda,1940,10
Uganda,1941,32
Uganda,1942,0
Uganda,1943,128
Uganda,1944,4737
Uganda,1945,1558
Uganda,1946,381
Uganda,1947,389
Uganda,1948,254
Uganda,1949,47
Uganda,1950,5
Uganda,1951,43
Uganda,1952,243
Uganda,1953,341
Uganda,1954,199
Uganda,1955,101
Uganda,1956,231
Uganda,1957,477
Uganda,1958,360
Uganda,1959,334
Uganda,1960,740
Uganda,1961,400
Uganda,1962,631
Uganda,1963,419
Uganda,1964,510
Uganda,1965,1351
Uganda,1966,614
Uganda,1967,365
Uganda,1968,55
Uganda,1969,19
Uganda,1970,2
Uganda,1971,19
Uganda,1972,0
Uganda,1973,0
Uganda,1974,0
Uganda,1975,0
Uganda,1976,0
Uganda,1977,0
United Kingdom,1920,1007
United Kingdom,1921,442
United Kingdom,1922,980
United Kingdom,1923,2507
United Kingdom,1924,3801
United Kingdom,1925,5367
United Kingdom,1926,10147
United Kingdom,1927,14921
United Kingdom,1928,12560
United Kingdom,1929,11010
United Kingdom,1930,11853
United Kingdom,1931,5665
United Kingdom,1932,2359
United Kingdom,1933,631
United Kingdom,1934,184
United Kingdom,1935,1
United Kingdom,1936,12
United Kingdom,1937,4
United Kingdom,1938,19
United Kingdom,1939,1
United Kingdom,1940,2
United Kingdom,1941,0
United Kingdom,1942,124
United Kingdom,1943,1
United Kingdom,1944,16
United Kingdom,1945,8
United Kingdom,1946,55
United Kingdom,1947,94
United Kingdom,1948,0
United Kingdom,1949,19
United Kingdom,1950,28
United Kingdom,1951,29
United Kingdom,1952,135
United Kingdom,1953,30
United Kingdom,1954,0
United Kingdom,1955,0
United Kingdom,1956,0
United Kingdom,1957,4
United Kingdom,1958,6
United States,1900,21064
United States,1901,62374
United States,1902,72946
United States,1903,52737
United States,1904,31697
United States,1905,19417
United States,1906,15223
United States,1907,18977
United States,1908,33998
United States,1909,23560
United States,1910,31254
United States,1911,23044
United States,1912,23566
United States,1913,38400
United States,1914,40474
United States,1915,38381
United States,1916,19740
United States,1917,47508
United States,1918,80334
United States,1919,62876
United States,1920,110672
United States,1921,108487
United States,1922,33305
United States,1923,30890
United States,1924,56513
United States,1925,39381
United States,1926,32694
United States,1927,37977
United States,1928,39396
United States,1929,42341
United States,1930,48329
United States,1931,30151
United States,1932,11194
United States,1933,6491
United States,1934,5371
United States,1935,7957
United States,1936,7834
United States,1937,11673
United States,1938,14939
United States,1939,9877
United States,1940,2795
United States,1941,1396
United States,1942,865
United States,1943,765
United States,1944,398
United States,1945,346
United States,1946,357
United States,1947,176
United States,1948,57
United States,1949,49
United States,1950,0
United States,1951,0
United States,1952,0
Uruguay,1921,31
Uruguay,1922,0
Uruguay,1923,569
Uruguay,1924,176
Uruguay,1925,15
Uruguay,1926,4
Uruguay,1927,0
Uruguay,1928,0
Uruguay,1929,4
Uruguay,1930,0
Uruguay,1931,8
Uruguay,1932,11
Uruguay,1933,1
Uruguay,1934,8
Uruguay,1935,2
Uruguay,1936,53
Uruguay,1937,72
Uruguay,1938,29
Uruguay,1939,4
Uruguay,1940,2
Uruguay,1941,1
Uruguay,1942,0
Uruguay,1943,0
Uruguay,1944,0
Uruguay,1945,104
Uruguay,1946,167
Uruguay,1947,326
Uruguay,1948,0
Uruguay,1949,9
Uruguay,1950,3
Uruguay,1951,0
Uruguay,1952,16
Uruguay,1953,7
Uruguay,1954,1
Uruguay,1955,45
Uruguay,1956,42
Uruguay,1957,2
Uruguay,1958,0
Uruguay,1967,0
Uruguay,1968,2
Uruguay,1969,2
Uruguay,1970,0
Uruguay,1971,0
Uruguay,1972,0
Uruguay,1973,0
Uruguay,1974,0
Uruguay,1975,0
Uruguay,1976,0
Uruguay,1977,0
Venezuela,1930,28
Venezuela,1931,13
Venezuela,1932,2
Venezuela,1933,6
Venezuela,1934,2
Venezuela,1935,3
Venezuela,1936,70
Venezuela,1937,105
Venezuela,1938,256
Venezuela,1939,3839
Venezuela,1940,955
Venezuela,1941,265
Venezuela,1942,259
Venezuela,1943,268
Venezuela,1944,610
Venezuela,1945,1055
Venezuela,1946,2114
Venezuela,1947,4767
Venezuela,1948,5685
Venezuela,1949,3672
Venezuela,1950,3062
Venezuela,1951,567
Venezuela,1952,453
Venezuela,1953,72
Venezuela,1954,113
Venezuela,1955,2
Venezuela,1956,4
Venezuela,1957,0
Venezuela,1958,0
World,1967,122098
World,1968,80020
World,1969,45291
World,1970,33219
World,1971,51993
World,1972,65153
World,1973,135853
World,1974,218326
World,1975,19278
World,1976,954
World,1977,3234
Yemen,1967,3
Yemen,1968,0
Yemen,1969,29
Yemen,1970,0
Yemen,1971,0
Yemen,1972,0
Yemen,1973,0
Yemen,1974,0
Yemen,1975,0
Yemen,1976,0
Yemen,1977,0
Yugoslavia,1920,4156
Yugoslavia,1921,2119
Yugoslavia,1922,738
Yugoslavia,1923,1042
Yugoslavia,1924,330
Yugoslavia,1925,14
Yugoslavia,1926,4
Yugoslavia,1927,7
Yugoslavia,1928,0
Yugoslavia,1929,0
Yugoslavia,1930,1
Yugoslavia,1931,0
Yugoslavia,1932,0
Yugoslavia,1933,0
Yugoslavia,1934,0
Yugoslavia,1935,0
Yugoslavia,1936,0
Yugoslavia,1937,0
Yugoslavia,1938,0
Yugoslavia,1939,0
Yugoslavia,1940,1
Yugoslavia,1941,0
Yugoslavia,1946,2
Yugoslavia,1947,0
Yugoslavia,1948,0
Yugoslavia,1949,0
Yugoslavia,1950,0
Yugoslavia,1951,0
Yugoslavia,1952,0
Yugoslavia,1953,0
Yugoslavia,1954,0
Yugoslavia,1955,0
Yugoslavia,1956,0
Yugoslavia,1957,0
Yugoslavia,1958,0
Zambia,1923,59
Zambia,1924,258
Zambia,1925,98
Zambia,1926,305
Zambia,1927,1241
Zambia,1928,4042
Zambia,1929,3856
Zambia,1930,3400
Zambia,1931,152
Zambia,1932,61
Zambia,1933,179
Zambia,1934,23
Zambia,1935,32
Zambia,1936,96
Zambia,1937,27
Zambia,1938,59
Zambia,1939,20
Zambia,1940,9
Zambia,1941,3
Zambia,1942,10
Zambia,1943,124
Zambia,1944,355
Zambia,1945,6354
Zambia,1946,490
Zambia,1947,98
Zambia,1948,671
Zambia,1949,20
Zambia,1950,28
Zambia,1951,10
Zambia,1952,166
Zambia,1953,693
Zambia,1954,1024
Zambia,1955,3538
Zambia,1956,576
Zambia,1957,459
Zambia,1958,210
Zambia,1959,176
Zambia,1960,350
Zambia,1961,233
Zambia,1962,210
Zambia,1963,1831
Zambia,1964,2214
Zambia,1965,526
Zambia,1966,63
Zambia,1967,47
Zambia,1968,33
Zambia,1969,0
Zambia,1970,0
Zambia,1971,0
Zambia,1972,0
Zambia,1973,0
Zambia,1974,0
Zambia,1975,0
Zambia,1976,0
Zambia,1977,0
Zimbabwe,1921,515
Zimbabwe,1922,501
Zimbabwe,1923,16
Zimbabwe,1924,2
Zimbabwe,1925,12
Zimbabwe,1926,1
Zimbabwe,1927,7
Zimbabwe,1928,255
Zimbabwe,1929,427
Zimbabwe,1930,696
Zimbabwe,1931,44
Zimbabwe,1932,40
Zimbabwe,1933,80
Zimbabwe,1934,41
Zimbabwe,1935,1
Zimbabwe,1936,17
Zimbabwe,1937,246
Zimbabwe,1938,1864
Zimbabwe,1939,223
Zimbabwe,1940,255
Zimbabwe,1941,87
Zimbabwe,1942,0
Zimbabwe,1943,0
Zimbabwe,1944,1
Zimbabwe,1945,33
Zimbabwe,1946,181
Zimbabwe,1947,685
Zimbabwe,1948,1823
Zimbabwe,1949,861
Zimbabwe,1950,1034
Zimbabwe,1951,456
Zimbabwe,1952,87
Zimbabwe,1953,11
Zimbabwe,1954,1
Zimbabwe,1955,157
Zimbabwe,1956,153
Zimbabwe,1957,34
Zimbabwe,1958,90
Zimbabwe,1959,133
Zimbabwe,1960,12
Zimbabwe,1961,3
Zimbabwe,1962,15
Zimbabwe,1963,38
Zimbabwe,1964,200
Zimbabwe,1965,40
Zimbabwe,1966,35
Zimbabwe,1967,26
Zimbabwe,1968,12
Zimbabwe,1969,25
Zimbabwe,1970,0
Zimbabwe,1971,0
Zimbabwe,1972,0
Zimbabwe,1973,0
Zimbabwe,1974,0
Zimbabwe,1975,0
Zimbabwe,1976,0
Zimbabwe,1977,0
